Channel,Rank,Bank,Row,AvgOpenDuration,OpenCount,AvgReopenInterval,TotalRefreshes,AvgRefreshesBetweenReopens
0,0,0,4098,649975,15,2.38665e+06,2571,171.4
0,0,0,4099,1.17459e+06,22,1.80962e+06,2571,116.864
0,0,0,4130,1.75297e+06,2,1.75301e+06,2571,1285.5
0,0,0,4136,3.50627e+06,4,4.49604e+06,2571,642.75
0,0,0,4137,275575,39,903542,2571,65.9231
0,0,0,4138,61332,73,293666,2571,35.2192
0,0,0,4139,343590,28,649858,2571,91.8214
0,0,0,4140,179161,21,805245,2571,122.429
0,0,0,4142,420967,7,2.31271e+06,2571,367.286
0,0,0,4146,2.72864e+06,2,2.72877e+06,2571,1285.5
0,0,0,4147,800749,15,906715,2571,171.4
0,0,0,4161,539303,55,705952,2571,46.7455
0,0,0,4180,591653,14,1.46813e+06,2571,183.643
0,0,0,4367,378.636,11,716664,2571,233.727
0,0,0,4400,831311,17,2.13496e+06,2571,151.235
0,0,0,4401,698058,27,1.28791e+06,2571,95.2222
0,0,0,4402,131229,65,493582,2571,39.5538
0,0,0,4403,156541,25,1.35618e+06,2571,102.84
0,0,0,4407,1.5556e+06,7,5.03514e+06,2571,367.286
0,0,0,4411,3336.2,5,1.15136e+06,2571,514.2
0,0,0,4421,55643.2,86,399372,2571,29.8953
0,0,0,4422,225.5,2,260.5,2571,1285.5
0,0,0,4424,26622.2,405,55146.6,2571,6.34815
0,0,0,4425,25654.3,467,45898.8,2571,5.50535
0,0,0,4427,1.00032e+06,13,2.11895e+06,2571,197.769
0,0,0,4428,242102,41,592193,2571,62.7073
0,0,0,4429,140165,111,354794,2571,23.1622
0,0,0,4430,46071,96,375137,2571,26.7812
0,0,0,4432,91.4706,17,832599,2571,151.235
0,0,0,4433,125300,18,842886,2571,142.833
0,0,0,4435,949803,3,950469,2571,857
0,0,0,4440,52260.1,89,443669,2571,28.8876
0,0,0,4441,120385,99,385783,2571,25.9697
0,0,0,4442,79333.6,22,1.6957e+06,2571,116.864
0,0,0,4443,523454,8,2.99329e+06,2571,321.375
0,0,0,4452,767294,7,1.49123e+06,2571,367.286
0,0,0,4453,441823,8,1.10153e+06,2571,321.375
0,0,0,4457,34469.7,15,1.51463e+06,2571,171.4
0,0,0,4459,184783,61,568589,2571,42.1475
0,0,0,4460,15616.2,133,183565,2571,19.3308
0,0,0,4461,6.34378e+06,2,6.34382e+06,2571,1285.5
0,0,0,4470,1.36935e+06,5,1.36941e+06,2571,514.2
0,0,0,4474,228712,29,1.02487e+06,2571,88.6552
0,0,0,4475,1.93146e+06,5,3.38726e+06,2571,514.2
0,0,0,4476,204875,29,746123,2571,88.6552
0,0,0,4477,1.1911e+06,7,3.83566e+06,2571,367.286
0,0,0,4479,83704,8,2.00709e+06,2571,321.375
0,0,0,4481,616596,5,1.73693e+06,2571,514.2
0,0,0,4482,404516,37,972072,2571,69.4865
0,0,0,4484,204189,5,2.10922e+06,2571,514.2
0,0,0,4486,7855.83,6,1.2361e+06,2571,428.5
0,0,0,4494,18380.3,258,49268.2,2571,9.96512
0,0,0,4495,1956.27,142,34921.6,2571,18.1056
0,0,0,4509,696287,17,1.10115e+06,2571,151.235
0,0,0,4528,834510,6,2.42567e+06,2571,428.5
0,0,0,4557,827,3,6245.67,2571,857
0,0,0,4562,1.04234e+06,7,1.08966e+06,2571,367.286
0,0,0,4563,219490,8,1.79568e+06,2571,321.375
0,0,0,4565,3.69545e+06,4,3.98511e+06,2571,642.75
0,0,0,4571,406994,10,1.47316e+06,2571,257.1
0,0,0,4576,381001,16,1.50211e+06,2571,160.688
0,0,0,4578,5945.67,3,12819,2571,857
0,0,0,4584,457421,24,760195,2571,107.125
0,0,0,4595,945629,13,1.29244e+06,2571,197.769
0,0,0,4600,1.01171e+06,9,1.72812e+06,2571,285.667
0,0,0,4602,768606,5,1.34452e+06,2571,514.2
0,0,0,4603,7.17983e+06,2,7.17987e+06,2571,1285.5
0,0,0,4609,255591,47,379389,2571,54.7021
0,0,0,4620,942654,7,2.42243e+06,2571,367.286
0,0,0,4621,1.15454e+06,14,2.12278e+06,2571,183.643
0,0,0,4630,877585,29,1.012e+06,2571,88.6552
0,0,0,4631,2.25061e+06,4,4.41942e+06,2571,642.75
0,0,0,4636,1.64833e+06,5,4.77668e+06,2571,514.2
0,0,0,4637,1.94328e+06,7,2.00396e+06,2571,367.286
0,0,0,4638,1.99742e+06,4,6.28407e+06,2571,642.75
0,0,0,4640,105843,147,240233,2571,17.4898
0,0,0,4641,146251,45,793510,2571,57.1333
0,0,0,4658,471775,36,943323,2571,71.4167
0,0,0,4659,771051,13,1.15329e+06,2571,197.769
0,0,0,4676,520673,14,537746,2571,183.643
0,0,0,4678,143,5,83632.4,2571,514.2
0,0,0,4679,382970,18,1.37235e+06,2571,142.833
0,0,0,4680,250326,36,282037,2571,71.4167
0,0,0,4681,830905,12,1.40182e+06,2571,214.25
0,0,0,4684,1.478e+06,7,2.73071e+06,2571,367.286
0,0,0,4692,664750,33,920107,2571,77.9091
0,0,0,4693,853711,17,1.17934e+06,2571,151.235
0,0,0,4696,171.2,15,736410,2571,171.4
0,0,0,4697,812741,7,2.29666e+06,2571,367.286
0,0,0,4698,4.73945e+06,2,4.73949e+06,2571,1285.5
0,0,0,4699,787979,20,1.55494e+06,2571,128.55
0,0,0,4705,1.3854e+06,4,1.38546e+06,2571,642.75
0,0,0,4707,4.10982e+06,4,6.18601e+06,2571,642.75
0,0,0,4722,399.75,4,3351.5,2571,642.75
0,0,0,4725,1.32079e+06,5,5.22959e+06,2571,514.2
0,0,0,4730,1.77527e+06,2,1.77531e+06,2571,1285.5
0,0,0,4734,226680,16,757241,2571,160.688
0,0,0,4735,230794,30,516126,2571,85.7
0,0,0,4744,319582,8,2.95204e+06,2571,321.375
0,0,0,4746,161.667,3,221,2571,857
0,0,0,4793,2.48356e+06,3,2.48361e+06,2571,857
0,0,0,4794,425037,16,513220,2571,160.688
0,0,0,4795,1.48864e+06,14,2.68051e+06,2571,183.643
0,0,0,4838,6124.73,11,7063.82,2571,233.727
0,0,0,4839,920083,15,949857,2571,171.4
0,0,0,4840,4.10424e+06,2,4.10428e+06,2571,1285.5
0,0,0,4841,1.66402e+06,2,1.66405e+06,2571,1285.5
0,0,0,4843,175.167,6,218104,2571,428.5
0,0,0,4849,1.30173e+06,2,1.3034e+06,2571,1285.5
0,0,0,4853,5087.5,14,53670.1,2571,183.643
0,0,0,4856,1.72735e+06,6,2.84965e+06,2571,428.5
0,0,0,4857,169338,40,847224,2571,64.275
0,0,0,4863,770086,11,998499,2571,233.727
0,0,0,4864,3.09311e+06,4,6.97334e+06,2571,642.75
0,0,0,4878,1561.55,11,689002,2571,233.727
0,0,0,4879,2.86075e+06,7,3.53351e+06,2571,367.286
0,0,0,4880,5591.44,9,1.18471e+06,2571,285.667
0,0,0,4881,546515,11,1.69868e+06,2571,233.727
0,0,0,5060,51226.9,400,95332.1,2571,6.4275
0,0,0,5061,1.58169e+06,7,1.62602e+06,2571,367.286
0,0,0,5076,268342,30,479545,2571,85.7
0,0,0,5086,1.72115e+06,4,1.72623e+06,2571,642.75
0,0,0,5087,153038,5,579145,2571,514.2
0,0,0,5088,4738.24,37,154760,2571,69.4865
0,0,0,5089,38255.4,16,45535.1,2571,160.688
0,0,0,5090,10769.7,35,173942,2571,73.4571
0,0,0,5220,950783,9,1.77001e+06,2571,285.667
0,0,0,5221,2845,6,1.19698e+06,2571,428.5
0,0,0,5237,3.01445e+06,2,3.01456e+06,2571,1285.5
0,0,0,5348,1.53984e+06,6,4.66718e+06,2571,428.5
0,0,0,5412,2.40984e+06,3,2.40989e+06,2571,857
0,0,0,5480,1.48841e+06,2,1.48844e+06,2571,1285.5
0,0,0,5998,2.85993e+06,2,2.85997e+06,2571,1285.5
0,0,0,6510,475414,13,1.7936e+06,2571,197.769
0,0,0,6638,427054,8,757555,2571,321.375
0,0,0,6670,771404,4,1.87615e+06,2571,642.75
0,0,0,6916,102666,46,338086,2571,55.8913
0,0,0,6917,38195.3,49,319612,2571,52.4694
0,0,0,6918,60284.1,34,429917,2571,75.6176
0,0,0,6919,23720.8,14,1.12657e+06,2571,183.643
0,0,0,6932,423780,5,853334,2571,514.2
0,0,0,6950,659545,19,1.99491e+06,2571,135.316
0,0,0,6951,2975.33,12,1.1895e+06,2571,214.25
0,0,0,6993,42248.3,3,955251,2571,857
0,0,0,7000,430013,8,795196,2571,321.375
0,0,0,7001,1.90251e+06,5,1.98553e+06,2571,514.2
0,0,0,7002,3420.5,8,1.15785e+06,2571,321.375
0,0,0,7003,53135.1,14,1.3365e+06,2571,183.643
0,0,0,7028,141460,7,464330,2571,367.286
0,0,0,7029,923563,8,2.83019e+06,2571,321.375
0,0,0,7030,458579,13,1.23181e+06,2571,197.769
0,0,0,7031,400933,11,1.75664e+06,2571,233.727
0,0,0,7048,786267,31,1.12865e+06,2571,82.9355
0,0,0,7049,1.09194e+06,23,1.51017e+06,2571,111.783
0,0,0,7051,358394,6,1.37407e+06,2571,428.5
0,0,0,7096,625.571,7,3.15368e+06,2571,367.286
0,0,0,7097,1.26451e+06,9,2.24007e+06,2571,285.667
0,0,0,7446,218200,22,1.09577e+06,2571,116.864
0,0,0,7447,631.143,7,2.43352e+06,2571,367.286
0,0,0,7448,152662,117,322862,2571,21.9744
0,0,0,7449,45888.6,314,116455,2571,8.1879
0,0,0,7462,1.5666e+06,4,2.07817e+06,2571,642.75
0,0,0,7474,620228,15,2.39475e+06,2571,171.4
0,0,0,7477,383360,47,430857,2571,54.7021
0,0,0,7503,67047.5,232,165632,2571,11.0819
0,0,0,7581,173825,106,274336,2571,24.2547
0,0,0,7582,3.82907e+06,3,9.27205e+06,2571,857
0,0,0,7606,553.328,61,3320.95,2571,42.1475
0,0,0,7740,1.30042e+06,8,1.90104e+06,2571,321.375
0,0,0,7741,3.84757e+06,2,3.84761e+06,2571,1285.5
0,0,0,7961,676964,4,3.67845e+06,2571,642.75
0,0,0,8089,712681,4,712758,2571,642.75
0,0,0,8613,1.5817e+06,3,1.58178e+06,2571,857
0,0,0,8647,956.333,3,6210.33,2571,857
0,0,0,8862,2.007e+06,4,2.00705e+06,2571,642.75
0,0,0,8894,1.03135e+06,2,1.03138e+06,2571,1285.5
0,0,0,9956,104350,16,625451,2571,160.688
0,0,0,9957,2641.74,23,761056,2571,111.783
0,0,0,9958,62238.4,52,736575,2571,49.4423
0,0,0,9959,187103,39,458267,2571,65.9231
0,0,0,10280,53939,165,101617,2571,15.5818
0,0,0,10282,20593.8,19,847917,2571,135.316
0,0,0,10283,407787,34,1.0786e+06,2571,75.6176
0,0,0,10311,332751,10,881983,2571,257.1
0,0,0,10407,68420.3,15,889187,2571,171.4
0,0,0,10778,474082,7,1.54471e+06,2571,367.286
0,0,0,11884,4.19828e+06,2,4.19832e+06,2571,1285.5
0,0,0,12204,1.26701e+06,4,3.32888e+06,2571,642.75
0,0,0,12332,9.11179e+06,2,9.11182e+06,2571,1285.5
0,0,0,13515,172927,10,650961,2571,257.1
0,0,0,14943,201714,23,412173,2571,111.783
0,0,0,14944,267981,52,371078,2571,49.4423
0,0,0,14947,586555,8,1.71831e+06,2571,321.375
0,0,0,14949,733568,4,1.11089e+06,2571,642.75
0,0,0,14953,504824,28,813278,2571,91.8214
0,0,0,14956,2744.75,4,3641,2571,642.75
0,0,0,14962,300725,29,816523,2571,88.6552
0,0,0,14963,420634,16,997436,2571,160.688
0,0,0,14966,1.0938e+06,10,1.81186e+06,2571,257.1
0,0,0,14968,1.5219e+06,5,4.61944e+06,2571,514.2
0,0,0,14972,4.68736e+06,2,4.68744e+06,2571,1285.5
0,0,0,14978,1.81208e+06,6,2.29282e+06,2571,428.5
0,0,0,14982,1.81284e+06,14,2.27502e+06,2571,183.643
0,0,0,14984,345867,31,606978,2571,82.9355
0,0,0,14985,381017,26,1.41672e+06,2571,98.8846
0,0,0,14995,45,2,80,2571,1285.5
0,0,0,14996,436269,12,1.355e+06,2571,214.25
0,0,0,14997,357569,24,682871,2571,107.125
0,0,0,14998,217232,24,1.18764e+06,2571,107.125
0,0,0,14999,342048,28,639853,2571,91.8214
0,0,0,15001,1.47555e+06,8,2.10342e+06,2571,321.375
0,0,0,15006,1.23152e+06,9,1.6878e+06,2571,285.667
0,0,0,15008,461104,13,1.13832e+06,2571,197.769
0,0,0,15028,34955,13,1.23791e+06,2571,197.769
0,0,0,15029,97.8333,6,1393.33,2571,428.5
0,0,0,15041,924,2,1003.5,2571,1285.5
0,0,0,15047,91439.9,7,2.18777e+06,2571,367.286
0,0,0,15049,312150,5,3.37228e+06,2571,514.2
0,0,0,64820,91014.6,19,1.11917e+06,2571,135.316
0,0,0,64821,42615.6,46,845614,2571,55.8913
0,0,0,64822,3.59628e+06,2,3.59632e+06,2571,1285.5
0,0,0,64823,35534.1,47,583378,2571,54.7021
0,0,0,64824,2873.5,10,1.44607e+06,2571,257.1
0,0,0,64825,207604,7,2.67184e+06,2571,367.286
0,0,0,64839,2.10142e+06,10,3.62812e+06,2571,257.1
0,0,0,65450,2.20137e+06,12,3.01391e+06,2571,214.25
0,0,0,65619,5.72615e+06,4,5.72621e+06,2571,642.75
0,0,0,66398,2.20401e+06,2,2.20404e+06,2571,1285.5
0,0,1,4098,333692,19,1.11831e+06,2571,135.316
0,0,1,4099,371247,14,2.15352e+06,2571,183.643
0,0,1,4130,3.82299e+06,3,4.32998e+06,2571,857
0,0,1,4135,568210,13,1.60803e+06,2571,197.769
0,0,1,4137,339076,40,875295,2571,64.275
0,0,1,4138,72822.8,91,413811,2571,28.2527
0,0,1,4140,739992,13,1.3472e+06,2571,197.769
0,0,1,4141,109128,25,872114,2571,102.84
0,0,1,4146,1.8545e+06,10,2.19728e+06,2571,257.1
0,0,1,4147,1623.86,7,206395,2571,367.286
0,0,1,4154,1.59986e+06,2,1.5999e+06,2571,1285.5
0,0,1,4160,2.41089e+06,9,2.67211e+06,2571,285.667
0,0,1,4375,84052.9,8,2.05293e+06,2571,321.375
0,0,1,4380,1.1231e+06,14,2.60403e+06,2571,183.643
0,0,1,4383,505984,4,2.12282e+06,2571,642.75
0,0,1,4401,170477,15,2.63216e+06,2571,171.4
0,0,1,4402,4.37092e+06,3,4.37691e+06,2571,857
0,0,1,4403,2.97469e+06,7,5.20729e+06,2571,367.286
0,0,1,4404,333.944,18,399248,2571,142.833
0,0,1,4406,200825,57,591075,2571,45.1053
0,0,1,4407,242615,6,5.69755e+06,2571,428.5
0,0,1,4411,6557.5,32,208578,2571,80.3438
0,0,1,4413,132569,97,360248,2571,26.5052
0,0,1,4420,2.32416e+06,7,5.29107e+06,2571,367.286
0,0,1,4421,69058.2,97,393652,2571,26.5052
0,0,1,4423,1.4256e+06,2,1.42564e+06,2571,1285.5
0,0,1,4424,22201,562,41603.5,2571,4.57473
0,0,1,4425,13022.4,474,37840.7,2571,5.42405
0,0,1,4426,236619,29,883287,2571,88.6552
0,0,1,4427,36227.8,29,1.01317e+06,2571,88.6552
0,0,1,4428,407236,27,1.21891e+06,2571,95.2222
0,0,1,4429,65683.8,46,724967,2571,55.8913
0,0,1,4430,388689,19,1.76785e+06,2571,135.316
0,0,1,4432,49917.9,38,387907,2571,67.6579
0,0,1,4433,63783.6,32,474968,2571,80.3438
0,0,1,4434,1.66667,3,949731,2571,857
0,0,1,4437,463590,28,945600,2571,91.8214
0,0,1,4440,70035.1,82,481382,2571,31.3537
0,0,1,4441,230138,55,593605,2571,46.7455
0,0,1,4442,270547,9,900418,2571,285.667
0,0,1,4443,771.733,15,1.3297e+06,2571,171.4
0,0,1,4444,497024,40,703384,2571,64.275
0,0,1,4445,120589,59,647142,2571,43.5763
0,0,1,4447,132550,33,770251,2571,77.9091
0,0,1,4453,563702,14,1.64778e+06,2571,183.643
0,0,1,4456,84136.4,27,1.05521e+06,2571,95.2222
0,0,1,4457,4566.29,78,297984,2571,32.9615
0,0,1,4458,35479.9,33,944293,2571,77.9091
0,0,1,4459,608293,17,1.60837e+06,2571,151.235
0,0,1,4463,1.44425e+06,9,1.90756e+06,2571,285.667
0,0,1,4474,881047,9,1.8855e+06,2571,285.667
0,0,1,4476,596498,15,1.99671e+06,2571,171.4
0,0,1,4477,554515,10,1.70898e+06,2571,257.1
0,0,1,4478,644135,11,1.11736e+06,2571,233.727
0,0,1,4479,183788,18,642330,2571,142.833
0,0,1,4480,119308,6,1.53632e+06,2571,428.5
0,0,1,4481,1.18271e+06,12,2.35096e+06,2571,214.25
0,0,1,4482,393418,28,1.10709e+06,2571,91.8214
0,0,1,4484,311910,10,892404,2571,257.1
0,0,1,4485,206289,3,481525,2571,857
0,0,1,4487,206841,4,3.54485e+06,2571,642.75
0,0,1,4488,1.26036e+06,15,2.27099e+06,2571,171.4
0,0,1,4490,4.74122e+06,3,4.74127e+06,2571,857
0,0,1,4491,319137,31,505403,2571,82.9355
0,0,1,4494,8037.98,289,31591.5,2571,8.89619
0,0,1,4495,1789.6,161,6028.54,2571,15.9689
0,0,1,4508,3.73822e+06,4,3.77049e+06,2571,642.75
0,0,1,4514,321469,10,1.38416e+06,2571,257.1
0,0,1,4515,226843,6,4.17781e+06,2571,428.5
0,0,1,4536,2.15192e+06,6,3.25029e+06,2571,428.5
0,0,1,4537,790108,3,3.4665e+06,2571,857
0,0,1,4546,574377,11,1.34046e+06,2571,233.727
0,0,1,4549,3.3551e+06,4,5.66178e+06,2571,642.75
0,0,1,4555,680539,3,1.20228e+06,2571,857
0,0,1,4557,326367,11,982814,2571,233.727
0,0,1,4584,430250,18,580653,2571,142.833
0,0,1,4594,69981.6,5,2.35386e+06,2571,514.2
0,0,1,4595,500794,10,740718,2571,257.1
0,0,1,4600,496014,18,942761,2571,142.833
0,0,1,4602,1.39319e+06,5,3.2328e+06,2571,514.2
0,0,1,4603,394722,29,542782,2571,88.6552
0,0,1,4608,2.50175e+06,6,2.95137e+06,2571,428.5
0,0,1,4609,813403,6,1.44751e+06,2571,428.5
0,0,1,4620,399187,23,520408,2571,111.783
0,0,1,4622,605785,24,711474,2571,107.125
0,0,1,4623,1.85268e+06,10,2.74584e+06,2571,257.1
0,0,1,4625,516484,7,5.32924e+06,2571,367.286
0,0,1,4630,3656.14,7,2.14301e+06,2571,367.286
0,0,1,4637,338916,7,1.08555e+06,2571,367.286
0,0,1,4646,195043,110,323260,2571,23.3727
0,0,1,4647,128993,130,260983,2571,19.7769
0,0,1,4649,66231.3,201,185543,2571,12.791
0,0,1,4658,282039,30,585640,2571,85.7
0,0,1,4659,80701.2,4,390583,2571,642.75
0,0,1,4679,122361,15,702016,2571,171.4
0,0,1,4680,603951,22,1.09361e+06,2571,116.864
0,0,1,4681,1.82714e+06,4,2.36222e+06,2571,642.75
0,0,1,4685,582218,7,2.12586e+06,2571,367.286
0,0,1,4692,220132,62,468378,2571,41.4677
0,0,1,4696,179974,4,620762,2571,642.75
0,0,1,4699,3164.53,19,182521,2571,135.316
0,0,1,4705,216689,30,545469,2571,85.7
0,0,1,4707,182696,18,933444,2571,142.833
0,0,1,4725,2.63887e+06,3,2.84913e+06,2571,857
0,0,1,4730,388414,17,1.56626e+06,2571,151.235
0,0,1,4734,3.29486e+06,5,4.54137e+06,2571,514.2
0,0,1,4743,3566.57,7,5235.14,2571,367.286
0,0,1,4745,509349,15,933921,2571,171.4
0,0,1,4746,1.17031e+06,5,1.89621e+06,2571,514.2
0,0,1,4777,68135,54,180141,2571,47.6111
0,0,1,4792,671910,15,1.10372e+06,2571,171.4
0,0,1,4794,1.10543e+06,5,2.69583e+06,2571,514.2
0,0,1,4795,277189,22,545871,2571,116.864
0,0,1,4838,104354,47,497109,2571,54.7021
0,0,1,4839,898218,11,1.79572e+06,2571,233.727
0,0,1,4843,713937,11,1.64029e+06,2571,233.727
0,0,1,4849,193890,9,1.34044e+06,2571,285.667
0,0,1,4852,795022,11,814290,2571,233.727
0,0,1,4854,847235,15,971930,2571,171.4
0,0,1,4855,116891,15,1.49989e+06,2571,171.4
0,0,1,4856,1.68096e+06,2,1.68099e+06,2571,1285.5
0,0,1,4857,1.53408e+06,18,1.8405e+06,2571,142.833
0,0,1,4861,1.35204e+06,3,2.66302e+06,2571,857
0,0,1,4863,2.26243e+06,5,3.98444e+06,2571,514.2
0,0,1,4864,286928,18,1.24731e+06,2571,142.833
0,0,1,4865,1.16872e+06,12,1.39417e+06,2571,214.25
0,0,1,4878,877677,9,1.14959e+06,2571,285.667
0,0,1,4879,2.4269e+06,4,3.78393e+06,2571,642.75
0,0,1,4880,434164,17,602203,2571,151.235
0,0,1,4881,610443,7,845914,2571,367.286
0,0,1,4890,60199.8,98,301415,2571,26.2347
0,0,1,4891,2.00749e+06,3,2.00757e+06,2571,857
0,0,1,4904,234291,8,1.89088e+06,2571,321.375
0,0,1,4905,307560,6,4.20159e+06,2571,428.5
0,0,1,4933,4555.2,5,7672.8,2571,514.2
0,0,1,5011,2.27762e+06,3,2.27767e+06,2571,857
0,0,1,5061,295756,3,2.71398e+06,2571,857
0,0,1,5076,58690.9,14,2.63625e+06,2571,183.643
0,0,1,5077,1.09348e+06,4,1.1425e+06,2571,642.75
0,0,1,5087,68619.4,34,230158,2571,75.6176
0,0,1,5088,692656,41,866407,2571,62.7073
0,0,1,5090,2.45215e+06,6,4.97756e+06,2571,428.5
0,0,1,5220,147176,7,1.12915e+06,2571,367.286
0,0,1,5221,3.78039e+06,4,3.93576e+06,2571,642.75
0,0,1,5272,3.24655e+06,2,3.24658e+06,2571,1285.5
0,0,1,5275,3.42556e+06,2,3.4256e+06,2571,1285.5
0,0,1,5476,1.34343e+06,5,1.69807e+06,2571,514.2
0,0,1,5540,2.48311e+06,2,2.48327e+06,2571,1285.5
0,0,1,5972,190082,3,2.05315e+06,2571,857
0,0,1,6830,1.27765e+06,2,1.27769e+06,2571,1285.5
0,0,1,6916,109263,29,543827,2571,88.6552
0,0,1,6917,130216,23,619347,2571,111.783
0,0,1,6918,130227,36,400953,2571,71.4167
0,0,1,6919,46767.6,14,1.02713e+06,2571,183.643
0,0,1,6932,197919,18,1.33372e+06,2571,142.833
0,0,1,6933,365088,57,627701,2571,45.1053
0,0,1,6950,6333.4,5,839443,2571,514.2
0,0,1,6993,1.03408e+06,9,1.721e+06,2571,285.667
0,0,1,7001,10637.4,7,1.54327e+06,2571,367.286
0,0,1,7002,1177.71,7,3.43689e+06,2571,367.286
0,0,1,7003,579348,13,1.73902e+06,2571,197.769
0,0,1,7026,3.53009e+06,2,3.53013e+06,2571,1285.5
0,0,1,7028,911322,8,2.84947e+06,2571,321.375
0,0,1,7029,561715,13,1.57459e+06,2571,197.769
0,0,1,7030,2.03635e+06,3,2.62729e+06,2571,857
0,0,1,7031,2.29905e+06,4,2.46452e+06,2571,642.75
0,0,1,7048,289522,26,822329,2571,98.8846
0,0,1,7049,445235,13,700071,2571,197.769
0,0,1,7050,7600.22,9,914226,2571,285.667
0,0,1,7051,9910.4,5,591985,2571,514.2
0,0,1,7096,430016,12,1.81631e+06,2571,214.25
0,0,1,7097,1.56078e+06,6,2.34077e+06,2571,428.5
0,0,1,7099,130744,16,1.68336e+06,2571,160.688
0,0,1,7158,814579,5,1.38762e+06,2571,514.2
0,0,1,7447,8.08719e+06,2,8.08723e+06,2571,1285.5
0,0,1,7448,2.14369e+06,5,5.05983e+06,2571,514.2
0,0,1,7449,103378,156,246790,2571,16.4808
0,0,1,7474,137559,88,404715,2571,29.2159
0,0,1,7502,271394,53,667672,2571,48.5094
0,0,1,7503,166125,119,235658,2571,21.605
0,0,1,7581,188700,65,235884,2571,39.5538
0,0,1,7583,83663.5,111,310545,2571,23.1622
0,0,1,7606,406125,31,1.00657e+06,2571,82.9355
0,0,1,7742,487.375,8,1.07721e+06,2571,321.375
0,0,1,7743,956082,8,2.05582e+06,2571,321.375
0,0,1,8121,1.99355e+06,2,1.99359e+06,2571,1285.5
0,0,1,9054,807025,6,879306,2571,428.5
0,0,1,9956,453216,45,785731,2571,57.1333
0,0,1,9957,119177,40,409942,2571,64.275
0,0,1,9958,266370,58,613635,2571,44.3276
0,0,1,9959,10164.4,33,492310,2571,77.9091
0,0,1,10280,115324,47,224604,2571,54.7021
0,0,1,10282,960546,17,1.42268e+06,2571,151.235
0,0,1,10283,3477.92,36,240607,2571,71.4167
0,0,1,10567,676771,7,1.13644e+06,2571,367.286
0,0,1,10631,2.10739e+06,8,2.78244e+06,2571,321.375
0,0,1,12620,1.13575e+06,2,1.13578e+06,2571,1285.5
0,0,1,12780,1.4659e+06,6,2.56592e+06,2571,428.5
0,0,1,12810,257715,21,737366,2571,122.429
0,0,1,13967,3.84122e+06,2,3.84126e+06,2571,1285.5
0,0,1,14255,2903.67,6,1.40002e+06,2571,428.5
0,0,1,14415,807991,7,1.19315e+06,2571,367.286
0,0,1,14943,157308,87,283655,2571,29.5517
0,0,1,14947,1.23236e+06,6,2.29033e+06,2571,428.5
0,0,1,14952,19416.5,2,19455,2571,1285.5
0,0,1,14954,985544,3,985638,2571,857
0,0,1,14955,827946,11,2.22024e+06,2571,233.727
0,0,1,14956,546961,30,970889,2571,85.7
0,0,1,14962,42433.2,33,331144,2571,77.9091
0,0,1,14963,361.062,16,914932,2571,160.688
0,0,1,14966,896801,4,2.29987e+06,2571,642.75
0,0,1,14967,1.19376e+06,4,3.52738e+06,2571,642.75
0,0,1,14968,461772,30,567454,2571,85.7
0,0,1,14972,820337,10,1.33505e+06,2571,257.1
0,0,1,14973,3.11019e+06,3,3.11023e+06,2571,857
0,0,1,14980,159328,50,560325,2571,51.42
0,0,1,14984,149004,37,1.0262e+06,2571,69.4865
0,0,1,14985,128.957,23,1.04666e+06,2571,111.783
0,0,1,14986,54.3333,6,2.33314e+06,2571,428.5
0,0,1,14987,545120,8,546350,2571,321.375
0,0,1,14990,952.667,24,3250.83,2571,107.125
0,0,1,14995,376917,34,917327,2571,75.6176
0,0,1,14996,377.933,15,1.08931e+06,2571,171.4
0,0,1,14997,665773,11,703648,2571,233.727
0,0,1,14998,187370,43,358788,2571,59.7907
0,0,1,14999,29915.8,13,1.18739e+06,2571,197.769
0,0,1,15000,75999.2,44,321849,2571,58.4318
0,0,1,15008,601381,14,1.21289e+06,2571,183.643
0,0,1,15009,4546.4,5,2.00837e+06,2571,514.2
0,0,1,15011,21541.6,474,53214.9,2571,5.42405
0,0,1,15024,113552,205,164679,2571,12.5415
0,0,1,15028,353780,11,1.44106e+06,2571,233.727
0,0,1,15039,6742,3,2.48499e+06,2571,857
0,0,1,64820,77252.2,89,437080,2571,28.8876
0,0,1,64821,1.25272e+06,10,3.82161e+06,2571,257.1
0,0,1,64822,102533,22,1.67069e+06,2571,116.864
0,0,1,64823,2209.26,58,634196,2571,44.3276
0,0,1,64824,175600,16,2.29701e+06,2571,160.688
0,0,1,64825,2.77532e+06,4,4.0951e+06,2571,642.75
0,0,1,64829,2.60644e+06,8,4.68296e+06,2571,321.375
0,0,1,64839,1.90991e+06,8,4.24652e+06,2571,321.375
0,0,1,65378,6.49544e+06,2,6.49548e+06,2571,1285.5
0,0,1,66428,754584,6,1.85019e+06,2571,428.5
0,0,1,66550,6.81256e+06,4,9.38229e+06,2571,642.75
0,0,1,66551,265549,11,1.00904e+06,2571,233.727
0,0,1,66561,398369,11,3.47625e+06,2571,233.727
0,0,2,4097,941498,21,1.54371e+06,2571,122.429
0,0,2,4098,1.51851e+06,6,5.12707e+06,2571,428.5
0,0,2,4107,1442,2,1477,2571,1285.5
0,0,2,4134,298957,14,974372,2571,183.643
0,0,2,4137,778952,21,1.32131e+06,2571,122.429
0,0,2,4138,295113,43,903775,2571,59.7907
0,0,2,4139,1.56175e+06,15,2.65242e+06,2571,171.4
0,0,2,4140,1.96699e+06,9,2.20371e+06,2571,285.667
0,0,2,4141,2.71605e+06,3,2.7162e+06,2571,857
0,0,2,4143,283348,72,512021,2571,35.7083
0,0,2,4144,822.857,7,206919,2571,367.286
0,0,2,4147,159966,9,160762,2571,285.667
0,0,2,4148,3.4565e+06,7,3.98965e+06,2571,367.286
0,0,2,4157,2.20252e+06,4,4.09122e+06,2571,642.75
0,0,2,4159,1.79416e+06,10,1.9801e+06,2571,257.1
0,0,2,4160,187875,2,187910,2571,1285.5
0,0,2,4178,2.11834e+06,3,2.26354e+06,2571,857
0,0,2,4179,3.90176e+06,3,6.44471e+06,2571,857
0,0,2,4380,2.052e+06,18,2.1586e+06,2571,142.833
0,0,2,4393,1.93904e+06,3,1.94296e+06,2571,857
0,0,2,4394,33854.7,41,561076,2571,62.7073
0,0,2,4402,123890,93,424568,2571,27.6452
0,0,2,4405,259613,3,2.18991e+06,2571,857
0,0,2,4406,1.17393e+06,12,2.13971e+06,2571,214.25
0,0,2,4420,166706,43,495681,2571,59.7907
0,0,2,4423,273881,13,598858,2571,197.769
0,0,2,4424,29974.3,511,55703,2571,5.03131
0,0,2,4425,26512.3,98,395955,2571,26.2347
0,0,2,4426,20352.6,120,329078,2571,21.425
0,0,2,4427,98106.4,60,352355,2571,42.85
0,0,2,4428,390020,20,1.90591e+06,2571,128.55
0,0,2,4429,203970,55,717983,2571,46.7455
0,0,2,4430,506674,22,1.58963e+06,2571,116.864
0,0,2,4431,48944.3,15,489374,2571,171.4
0,0,2,4432,4327.93,30,789642,2571,85.7
0,0,2,4439,109390,74,495938,2571,34.7432
0,0,2,4440,2.76069e+06,3,2.76523e+06,2571,857
0,0,2,4441,245777,69,571586,2571,37.2609
0,0,2,4442,243130,68,572806,2571,37.8088
0,0,2,4443,197947,35,1.03413e+06,2571,73.4571
0,0,2,4444,98143.4,13,1.82284e+06,2571,197.769
0,0,2,4445,5.58466e+06,5,7.4827e+06,2571,514.2
0,0,2,4447,26368,55,677951,2571,46.7455
0,0,2,4450,3.70438e+06,2,3.70441e+06,2571,1285.5
0,0,2,4452,116842,58,323821,2571,44.3276
0,0,2,4453,113397,60,613716,2571,42.85
0,0,2,4454,1.3855e+06,3,1.61769e+06,2571,857
0,0,2,4455,219221,49,602789,2571,52.4694
0,0,2,4457,9993.1,78,326097,2571,32.9615
0,0,2,4458,8119.96,28,952727,2571,91.8214
0,0,2,4460,201902,32,486794,2571,80.3438
0,0,2,4462,102230,11,1.56033e+06,2571,233.727
0,0,2,4464,834892,2,834927,2571,1285.5
0,0,2,4475,82349.8,9,975858,2571,285.667
0,0,2,4476,162447,101,364857,2571,25.4554
0,0,2,4477,183446,13,1.11872e+06,2571,197.769
0,0,2,4478,98753.6,9,967789,2571,285.667
0,0,2,4479,403892,2,403928,2571,1285.5
0,0,2,4480,102011,13,1.32653e+06,2571,197.769
0,0,2,4481,2.81273e+06,5,3.01275e+06,2571,514.2
0,0,2,4482,569847,10,2.0921e+06,2571,257.1
0,0,2,4484,1.08135e+06,8,1.83946e+06,2571,321.375
0,0,2,4486,4.37198e+06,2,4.37202e+06,2571,1285.5
0,0,2,4488,1.49129e+06,10,2.45598e+06,2571,257.1
0,0,2,4491,131218,71,407517,2571,36.2113
0,0,2,4493,15506.5,393,37670.2,2571,6.54198
0,0,2,4494,18132.8,145,53525.3,2571,17.731
0,0,2,4495,1503.22,205,5232.09,2571,12.5415
0,0,2,4505,1.12608e+06,4,2.39459e+06,2571,642.75
0,0,2,4507,1.15628e+06,8,1.76205e+06,2571,321.375
0,0,2,4508,711829,11,1.4305e+06,2571,233.727
0,0,2,4513,363962,6,1.46798e+06,2571,428.5
0,0,2,4516,1.22494e+06,13,1.84041e+06,2571,197.769
0,0,2,4522,420684,6,2.37986e+06,2571,428.5
0,0,2,4535,2.23981e+06,3,2.23986e+06,2571,857
0,0,2,4547,1.00131e+06,5,2.84961e+06,2571,514.2
0,0,2,4554,1.68917e+06,5,1.78099e+06,2571,514.2
0,0,2,4555,1.02829e+06,8,1.99164e+06,2571,321.375
0,0,2,4562,625313,12,1.21524e+06,2571,214.25
0,0,2,4563,1306,2,1341,2571,1285.5
0,0,2,4575,307170,20,1.32203e+06,2571,128.55
0,0,2,4576,2.25227e+06,4,2.41472e+06,2571,642.75
0,0,2,4578,384248,14,1.61821e+06,2571,183.643
0,0,2,4583,2.7772e+06,4,3.48439e+06,2571,642.75
0,0,2,4584,741239,14,1.08088e+06,2571,183.643
0,0,2,4593,887827,7,1.35998e+06,2571,367.286
0,0,2,4599,112.5,4,3.65771e+06,2571,642.75
0,0,2,4600,82.6667,6,1.3405e+06,2571,428.5
0,0,2,4601,29543,2,29578.5,2571,1285.5
0,0,2,4602,1.03412e+06,8,1.91059e+06,2571,321.375
0,0,2,4607,35317.4,5,5.01527e+06,2571,514.2
0,0,2,4608,299.667,3,8.29349e+06,2571,857
0,0,2,4613,1.31016e+06,4,1.9298e+06,2571,642.75
0,0,2,4619,1.31196e+06,3,1.31205e+06,2571,857
0,0,2,4621,1.24528e+06,6,2.19887e+06,2571,428.5
0,0,2,4622,1111.12,8,2.0638e+06,2571,321.375
0,0,2,4624,1.32869e+06,6,2.58615e+06,2571,428.5
0,0,2,4629,531817,6,2.32147e+06,2571,428.5
0,0,2,4635,1.61004e+06,8,1.94824e+06,2571,321.375
0,0,2,4639,278939,73,522985,2571,35.2192
0,0,2,4640,62044.2,302,105960,2571,8.51325
0,0,2,4646,544698,38,961187,2571,67.6579
0,0,2,4647,116390,167,221604,2571,15.3952
0,0,2,4657,87308.7,57,623953,2571,45.1053
0,0,2,4658,277365,12,551432,2571,214.25
0,0,2,4659,182468,8,802622,2571,321.375
0,0,2,4676,13328.4,10,1.02681e+06,2571,257.1
0,0,2,4678,123,5,1.05897e+06,2571,514.2
0,0,2,4679,1.57585e+06,6,2.66615e+06,2571,428.5
0,0,2,4680,369909,20,409594,2571,128.55
0,0,2,4684,2.36531e+06,3,5.47315e+06,2571,857
0,0,2,4685,199280,46,377196,2571,55.8913
0,0,2,4688,3.69977e+06,2,3.69981e+06,2571,1285.5
0,0,2,4691,233554,96,364874,2571,26.7812
0,0,2,4692,388293,13,1.33176e+06,2571,197.769
0,0,2,4695,35882.1,9,1.12869e+06,2571,285.667
0,0,2,4697,536.375,8,1.00954e+06,2571,321.375
0,0,2,4721,121417,7,359087,2571,367.286
0,0,2,4723,550719,10,1.67222e+06,2571,257.1
0,0,2,4724,1.48609e+06,3,3.28849e+06,2571,857
0,0,2,4725,613784,15,2.48716e+06,2571,171.4
0,0,2,4730,153492,60,284587,2571,42.85
0,0,2,4733,115,4,4.24162e+06,2571,642.75
0,0,2,4734,3.8188e+06,2,3.81883e+06,2571,1285.5
0,0,2,4739,547306,5,2.39779e+06,2571,514.2
0,0,2,4740,696016,6,1.58913e+06,2571,428.5
0,0,2,4745,132552,8,527142,2571,321.375
0,0,2,4746,2.20012e+06,3,2.20017e+06,2571,857
0,0,2,4792,80633.8,5,1.83483e+06,2571,514.2
0,0,2,4794,281583,24,715241,2571,107.125
0,0,2,4839,964261,14,1.64954e+06,2571,183.643
0,0,2,4840,1.15543e+06,3,2.2911e+06,2571,857
0,0,2,4852,1.73273e+06,8,1.86279e+06,2571,321.375
0,0,2,4854,603514,12,739757,2571,214.25
0,0,2,4855,231.5,2,266.5,2571,1285.5
0,0,2,4856,100.667,15,1.4292e+06,2571,171.4
0,0,2,4861,2.05048e+06,5,3.5101e+06,2571,514.2
0,0,2,4862,365777,7,2.19309e+06,2571,367.286
0,0,2,4863,258660,2,258694,2571,1285.5
0,0,2,4864,1.50984e+06,8,2.30964e+06,2571,321.375
0,0,2,4878,1.10005e+06,4,2.03809e+06,2571,642.75
0,0,2,4879,112.5,4,4579.25,2571,642.75
0,0,2,4880,63719.5,15,517265,2571,171.4
0,0,2,4889,2124.48,21,375175,2571,122.429
0,0,2,4932,847853,5,2.55952e+06,2571,514.2
0,0,2,4937,1.52544e+06,6,1.64765e+06,2571,428.5
0,0,2,5059,311013,6,1.4545e+06,2571,428.5
0,0,2,5065,969831,7,3.2436e+06,2571,367.286
0,0,2,5075,482224,3,553642,2571,857
0,0,2,5076,605362,9,911289,2571,285.667
0,0,2,5085,9561.12,8,56576,2571,321.375
0,0,2,5086,509814,18,912358,2571,142.833
0,0,2,5087,313344,26,632297,2571,98.8846
0,0,2,5088,77031.8,6,122925,2571,428.5
0,0,2,5089,2236.36,22,273093,2571,116.864
0,0,2,5104,267631,3,2.69966e+06,2571,857
0,0,2,5115,401,2,436,2571,1285.5
0,0,2,5219,1.46343e+06,6,1.54282e+06,2571,428.5
0,0,2,5220,413840,13,966469,2571,197.769
0,0,2,5246,6.69621e+06,5,7.00749e+06,2571,514.2
0,0,2,5396,2.445e+06,4,3.90185e+06,2571,642.75
0,0,2,5732,807649,9,1.36839e+06,2571,285.667
0,0,2,5860,1.88976e+06,2,1.8898e+06,2571,1285.5
0,0,2,5993,1.51546e+06,2,1.5155e+06,2571,1285.5
0,0,2,6025,1.81094e+06,6,2.33559e+06,2571,428.5
0,0,2,6119,967231,2,967266,2571,1285.5
0,0,2,6915,370285,37,617365,2571,69.4865
0,0,2,6916,67919.9,30,517497,2571,85.7
0,0,2,6917,1492,44,328034,2571,58.4318
0,0,2,6918,342160,35,633086,2571,73.4571
0,0,2,6931,76996.7,165,236301,2571,15.5818
0,0,2,6949,2.23454e+06,3,4.22572e+06,2571,857
0,0,2,6950,885364,10,2.34347e+06,2571,257.1
0,0,2,7000,2699.4,5,72855.4,2571,514.2
0,0,2,7001,1.76631e+06,6,2.74515e+06,2571,428.5
0,0,2,7002,1.23969e+06,7,1.29272e+06,2571,367.286
0,0,2,7027,314802,7,1.36697e+06,2571,367.286
0,0,2,7028,38772.5,11,834729,2571,233.727
0,0,2,7029,473298,4,2.44713e+06,2571,642.75
0,0,2,7030,514960,7,1.18709e+06,2571,367.286
0,0,2,7047,1.43568e+06,10,3.06951e+06,2571,257.1
0,0,2,7048,544493,27,1.03207e+06,2571,95.2222
0,0,2,7049,549424,8,875102,2571,321.375
0,0,2,7095,364506,10,1.69878e+06,2571,257.1
0,0,2,7096,451684,5,2.47102e+06,2571,514.2
0,0,2,7222,2.41428e+06,4,2.41441e+06,2571,642.75
0,0,2,7286,2.39758e+06,14,2.47866e+06,2571,183.643
0,0,2,7445,744255,9,893106,2571,285.667
0,0,2,7446,1.6475e+06,11,2.23462e+06,2571,233.727
0,0,2,7447,166598,72,504636,2571,35.7083
0,0,2,7448,125673,109,327375,2571,23.5872
0,0,2,7473,159964,97,376846,2571,26.5052
0,0,2,7475,940849,5,2.15563e+06,2571,514.2
0,0,2,7501,327072,23,391586,2571,111.783
0,0,2,7502,544.571,7,2.69086e+06,2571,367.286
0,0,2,7580,1.1385e+06,23,1.48307e+06,2571,111.783
0,0,2,7581,3.52415e+06,5,3.88769e+06,2571,514.2
0,0,2,7582,9327.25,4,31729,2571,642.75
0,0,2,7606,992907,5,3.66972e+06,2571,514.2
0,0,2,7719,1.18665e+06,13,1.21346e+06,2571,197.769
0,0,2,7720,3.74366e+06,2,3.7437e+06,2571,1285.5
0,0,2,7740,2.78946e+06,4,3.28516e+06,2571,642.75
0,0,2,7741,513569,7,1.54641e+06,2571,367.286
0,0,2,8039,1.1145e+06,7,1.12271e+06,2571,367.286
0,0,2,8281,1.94981e+06,4,2.16752e+06,2571,642.75
0,0,2,8381,187102,3,579342,2571,857
0,0,2,8413,2.38058e+06,4,3.10693e+06,2571,642.75
0,0,2,9018,1.94133e+06,3,1.94138e+06,2571,857
0,0,2,9079,2.91584e+06,2,2.91587e+06,2571,1285.5
0,0,2,9955,63063.1,31,753626,2571,82.9355
0,0,2,9956,271781,27,560473,2571,95.2222
0,0,2,9957,147804,46,645397,2571,55.8913
0,0,2,9958,137640,29,1.03849e+06,2571,88.6552
0,0,2,10275,1.2147e+06,6,1.22037e+06,2571,428.5
0,0,2,10281,420748,20,804972,2571,128.55
0,0,2,10282,709919,10,1.49961e+06,2571,257.1
0,0,2,10791,3.28858e+06,2,3.28862e+06,2571,1285.5
0,0,2,11079,253.6,5,5419,2571,514.2
0,0,2,11081,186186,4,986837,2571,642.75
0,0,2,11189,3.73251e+06,2,3.73255e+06,2571,1285.5
0,0,2,11354,885258,10,1.0243e+06,2571,257.1
0,0,2,12822,3.31946e+06,2,3.31949e+06,2571,1285.5
0,0,2,12970,2.29985e+06,3,2.58082e+06,2571,857
0,0,2,13002,595349,12,826351,2571,214.25
0,0,2,13034,3.51756e+06,2,3.5176e+06,2571,1285.5
0,0,2,13098,1.07424e+06,2,1.0743e+06,2571,1285.5
0,0,2,13162,291771,18,941763,2571,142.833
0,0,2,13648,1.78813e+06,4,1.78819e+06,2571,642.75
0,0,2,14954,758004,15,763714,2571,171.4
0,0,2,14957,73169,12,1.93594e+06,2571,214.25
0,0,2,14961,11643.3,39,415312,2571,65.9231
0,0,2,14962,5254.15,13,623556,2571,197.769
0,0,2,14965,80730.2,5,164923,2571,514.2
0,0,2,14966,31873.6,15,2.22892e+06,2571,171.4
0,0,2,14967,2.37236e+06,3,2.37241e+06,2571,857
0,0,2,14968,123288,84,190453,2571,30.6071
0,0,2,14969,244.667,3,103383,2571,857
0,0,2,14971,1.15309e+06,2,1.15312e+06,2571,1285.5
0,0,2,14973,1.68668e+06,5,2.99266e+06,2571,514.2
0,0,2,14977,2.13603e+06,4,3.78117e+06,2571,642.75
0,0,2,14982,3.18238e+06,2,3.18242e+06,2571,1285.5
0,0,2,14983,49344.8,47,385891,2571,54.7021
0,0,2,14984,273649,34,737490,2571,75.6176
0,0,2,14990,1.39998e+06,18,2.08562e+06,2571,142.833
0,0,2,14991,659632,4,1.67669e+06,2571,642.75
0,0,2,14993,422.5,2,457.5,2571,1285.5
0,0,2,14994,1.43448e+06,6,1.43458e+06,2571,428.5
0,0,2,14995,12530.2,17,960305,2571,151.235
0,0,2,14996,775361,31,1.16387e+06,2571,82.9355
0,0,2,14997,86887.6,44,379326,2571,58.4318
0,0,2,14998,284284,12,2.59904e+06,2571,214.25
0,0,2,15000,1.67666e+06,5,4.42192e+06,2571,514.2
0,0,2,15007,168554,8,1.19777e+06,2571,321.375
0,0,2,15017,150441,118,315213,2571,21.7881
0,0,2,15020,39218.8,332,73836,2571,7.74398
0,0,2,15023,37550.9,493,61786.7,2571,5.21501
0,0,2,15027,503386,9,1.7337e+06,2571,285.667
0,0,2,15028,378.25,8,2.01263e+06,2571,321.375
0,0,2,15035,380315,6,2.37076e+06,2571,428.5
0,0,2,15038,15594,2,15629,2571,1285.5
0,0,2,15039,1619.33,6,5230.17,2571,428.5
0,0,2,15045,272,4,2.11283e+06,2571,642.75
0,0,2,15047,622172,12,1.29694e+06,2571,214.25
0,0,2,15057,565.5,4,36033.5,2571,642.75
0,0,2,64811,753224,8,803222,2571,321.375
0,0,2,64819,156388,62,627253,2571,41.4677
0,0,2,64820,428404,35,687696,2571,73.4571
0,0,2,64822,124828,40,579138,2571,64.275
0,0,2,64823,3183.33,3,480865,2571,857
0,0,2,64824,5.57636e+06,4,7.85403e+06,2571,642.75
0,0,2,64827,1.74813e+06,5,4.25089e+06,2571,514.2
0,0,2,64829,141557,56,694573,2571,45.9107
0,0,2,64840,3.02764e+06,2,3.02768e+06,2571,1285.5
0,0,2,65449,3.70041e+06,3,3.70045e+06,2571,857
0,0,2,65619,962405,5,5.15868e+06,2571,514.2
0,0,2,66428,751977,2,752012,2571,1285.5
0,0,2,66531,2.61725e+06,3,7.08348e+06,2571,857
0,0,2,66551,250621,27,1.25856e+06,2571,95.2222
0,0,3,4098,1.82271e+06,15,2.53415e+06,2571,171.4
0,0,3,4105,1.86783e+06,5,4.81546e+06,2571,514.2
0,0,3,4128,8.4975e+06,2,8.49754e+06,2571,1285.5
0,0,3,4133,2.84761e+06,2,2.84765e+06,2571,1285.5
0,0,3,4136,1.39018e+06,5,2.89098e+06,2571,514.2
0,0,3,4137,694016,6,6.36965e+06,2571,428.5
0,0,3,4138,668937,39,892647,2571,65.9231
0,0,3,4139,755770,34,1.12525e+06,2571,75.6176
0,0,3,4140,382491,18,500476,2571,142.833
0,0,3,4143,476532,3,947514,2571,857
0,0,3,4179,5.46178e+06,5,5.49137e+06,2571,514.2
0,0,3,4388,466502,24,735354,2571,107.125
0,0,3,4391,162169,6,535406,2571,428.5
0,0,3,4393,397291,20,1.7223e+06,2571,128.55
0,0,3,4394,154334,20,765408,2571,128.55
0,0,3,4399,1889.5,2,3573,2571,1285.5
0,0,3,4401,6533.15,27,701164,2571,95.2222
0,0,3,4402,84294.8,74,515462,2571,34.7432
0,0,3,4406,927334,6,3.14781e+06,2571,428.5
0,0,3,4410,1.6957e+06,9,3.95172e+06,2571,285.667
0,0,3,4419,629006,23,1.71682e+06,2571,111.783
0,0,3,4420,601149,33,828717,2571,77.9091
0,0,3,4423,15276.1,424,37209.5,2571,6.06368
0,0,3,4424,18526,606,48068.7,2571,4.24257
0,0,3,4425,133578,49,713253,2571,52.4694
0,0,3,4426,79473.9,77,503202,2571,33.3896
0,0,3,4427,784170,22,1.53639e+06,2571,116.864
0,0,3,4428,215665,72,539720,2571,35.7083
0,0,3,4429,93955.5,85,464522,2571,30.2471
0,0,3,4430,723114,12,1.66573e+06,2571,214.25
0,0,3,4431,253910,38,584162,2571,67.6579
0,0,3,4432,232200,25,568478,2571,102.84
0,0,3,4439,173915,35,959253,2571,73.4571
0,0,3,4440,239.641,39,655707,2571,65.9231
0,0,3,4441,95926.3,174,204363,2571,14.7759
0,0,3,4442,388380,10,1.62682e+06,2571,257.1
0,0,3,4444,2.83508e+06,4,3.08018e+06,2571,642.75
0,0,3,4452,224366,32,358635,2571,80.3438
0,0,3,4453,365078,26,1.46855e+06,2571,98.8846
0,0,3,4454,2.54289e+06,3,2.73369e+06,2571,857
0,0,3,4455,123234,7,1.35191e+06,2571,367.286
0,0,3,4456,538108,9,1.14331e+06,2571,285.667
0,0,3,4457,29536.8,184,108001,2571,13.9728
0,0,3,4458,466252,40,866601,2571,64.275
0,0,3,4460,41374.7,10,1.82786e+06,2571,257.1
0,0,3,4462,520722,9,1.11562e+06,2571,285.667
0,0,3,4463,343450,6,1.13259e+06,2571,428.5
0,0,3,4464,609.333,3,3.50935e+06,2571,857
0,0,3,4473,1.87246e+06,7,2.46719e+06,2571,367.286
0,0,3,4476,632221,42,919037,2571,61.2143
0,0,3,4477,788541,3,788587,2571,857
0,0,3,4478,647816,12,2.28821e+06,2571,214.25
0,0,3,4479,847531,5,1.73545e+06,2571,514.2
0,0,3,4481,541437,7,1.36332e+06,2571,367.286
0,0,3,4483,179716,26,544384,2571,98.8846
0,0,3,4484,974884,13,1.17439e+06,2571,197.769
0,0,3,4485,18971.3,10,860502,2571,257.1
0,0,3,4486,1.34441e+06,7,2.19554e+06,2571,367.286
0,0,3,4487,437.6,5,2.9691e+06,2571,514.2
0,0,3,4491,38245.6,14,1.03675e+06,2571,183.643
0,0,3,4493,15189.5,485,28595,2571,5.30103
0,0,3,4494,11999.1,294,24162.5,2571,8.7449
0,0,3,4495,1318.47,36,1951.75,2571,71.4167
0,0,3,4505,1.00757e+06,8,1.04663e+06,2571,321.375
0,0,3,4508,73177,10,2.54892e+06,2571,257.1
0,0,3,4521,88,6,2.31567e+06,2571,428.5
0,0,3,4527,1.16738e+06,6,2.76246e+06,2571,428.5
0,0,3,4536,486855,7,501803,2571,367.286
0,0,3,4547,2.6909e+06,3,2.69095e+06,2571,857
0,0,3,4553,587425,15,1.49091e+06,2571,171.4
0,0,3,4555,474118,4,2.13202e+06,2571,642.75
0,0,3,4561,3.57828e+06,2,3.57832e+06,2571,1285.5
0,0,3,4562,621192,10,2.97869e+06,2571,257.1
0,0,3,4563,855887,7,1.77811e+06,2571,367.286
0,0,3,4576,75,6,418413,2571,428.5
0,0,3,4577,1263.2,5,3.14943e+06,2571,514.2
0,0,3,4578,2.0485e+06,7,2.49699e+06,2571,367.286
0,0,3,4583,1.30037e+06,4,1.64144e+06,2571,642.75
0,0,3,4584,8109.25,4,1.71532e+06,2571,642.75
0,0,3,4594,1.39954e+06,9,1.41098e+06,2571,285.667
0,0,3,4600,992499,5,2.40076e+06,2571,514.2
0,0,3,4601,3.07658e+06,10,3.1695e+06,2571,257.1
0,0,3,4607,318564,31,511335,2571,82.9355
0,0,3,4608,1.20457e+06,19,1.3321e+06,2571,135.316
0,0,3,4613,431480,10,792077,2571,257.1
0,0,3,4614,1.1185e+06,15,1.13167e+06,2571,171.4
0,0,3,4624,1.33531e+06,5,2.23168e+06,2571,514.2
0,0,3,4629,1.73186e+06,3,1.24345e+07,2571,857
0,0,3,4630,697193,8,1.87499e+06,2571,321.375
0,0,3,4638,410645,23,848544,2571,111.783
0,0,3,4639,2.5259e+06,2,2.52593e+06,2571,1285.5
0,0,3,4640,75639.3,329,104705,2571,7.81459
0,0,3,4645,83819,200,165923,2571,12.855
0,0,3,4647,381950,14,2.74899e+06,2571,183.643
0,0,3,4648,50816.2,395,92558.7,2571,6.50886
0,0,3,4657,626456,7,2.01916e+06,2571,367.286
0,0,3,4658,40,12,130576,2571,214.25
0,0,3,4669,116974,14,626374,2571,183.643
0,0,3,4675,96873.8,19,885016,2571,135.316
0,0,3,4677,2056,2,2091,2571,1285.5
0,0,3,4678,20272,2,20307,2571,1285.5
0,0,3,4679,1.01395e+06,7,1.07518e+06,2571,367.286
0,0,3,4680,31182.1,75,109232,2571,34.28
0,0,3,4683,490383,9,1.56305e+06,2571,285.667
0,0,3,4687,542104,10,1.61624e+06,2571,257.1
0,0,3,4691,247225,71,396891,2571,36.2113
0,0,3,4692,657629,26,1.10499e+06,2571,98.8846
0,0,3,4695,528814,19,1.86859e+06,2571,135.316
0,0,3,4696,12006.6,8,1.26755e+06,2571,321.375
0,0,3,4697,15441.4,8,2.88793e+06,2571,321.375
0,0,3,4699,1.17488e+06,9,1.76809e+06,2571,285.667
0,0,3,4705,3416,3,3462.67,2571,857
0,0,3,4706,322.75,4,4.48639e+06,2571,642.75
0,0,3,4721,1928.33,3,1975,2571,857
0,0,3,4724,1.2743e+06,15,1.5546e+06,2571,171.4
0,0,3,4727,576060,38,1.00626e+06,2571,67.6579
0,0,3,4729,483.333,6,616.667,2571,428.5
0,0,3,4733,569,3,615.667,2571,857
0,0,3,4734,692591,11,766091,2571,233.727
0,0,3,4739,1.90097e+06,4,1.90103e+06,2571,642.75
0,0,3,4740,438253,9,555936,2571,285.667
0,0,3,4741,1.86798e+06,4,1.86863e+06,2571,642.75
0,0,3,4742,2.30117e+06,5,3.91492e+06,2571,514.2
0,0,3,4743,911095,4,3.40996e+06,2571,642.75
0,0,3,4744,1.88477e+06,3,5.51289e+06,2571,857
0,0,3,4745,106839,6,1.55468e+06,2571,428.5
0,0,3,4792,139429,8,1.16724e+06,2571,321.375
0,0,3,4794,789327,9,1.84183e+06,2571,285.667
0,0,3,4842,1.33333,3,525639,2571,857
0,0,3,4851,1.24717e+06,8,1.25165e+06,2571,321.375
0,0,3,4852,2.85692e+06,2,2.85695e+06,2571,1285.5
0,0,3,4854,4.36048e+06,2,4.36051e+06,2571,1285.5
0,0,3,4855,949730,7,1.59555e+06,2571,367.286
0,0,3,4856,3.61729e+06,4,4.41124e+06,2571,642.75
0,0,3,4858,1.5724e+06,6,1.6046e+06,2571,428.5
0,0,3,4879,1.8514e+06,4,1.85388e+06,2571,642.75
0,0,3,4880,2.24101e+06,3,2.2538e+06,2571,857
0,0,3,4889,56557.6,14,121431,2571,183.643
0,0,3,4890,2.41596e+06,4,2.52269e+06,2571,642.75
0,0,3,4903,2.13521e+06,13,2.1813e+06,2571,197.769
0,0,3,4904,2.01573e+06,15,2.33683e+06,2571,171.4
0,0,3,4938,600.8,5,812.4,2571,514.2
0,0,3,5059,749928,4,2.63206e+06,2571,642.75
0,0,3,5060,1190.22,9,1858.33,2571,285.667
0,0,3,5067,490876,8,505554,2571,321.375
0,0,3,5076,304593,20,843261,2571,128.55
0,0,3,5085,871171,9,961938,2571,285.667
0,0,3,5086,238180,19,537677,2571,135.316
0,0,3,5087,600809,12,648534,2571,214.25
0,0,3,5088,8621.23,30,947494,2571,85.7
0,0,3,5092,3169.2,5,4761,2571,514.2
0,0,3,5211,2.7826e+06,4,3.49005e+06,2571,642.75
0,0,3,5220,254.765,17,422694,2571,151.235
0,0,3,6057,1.99014e+06,6,2.01138e+06,2571,428.5
0,0,3,6085,2.55804e+06,2,2.55808e+06,2571,1285.5
0,0,3,6185,2.12785e+06,4,2.84496e+06,2571,642.75
0,0,3,6915,89792.1,30,608211,2571,85.7
0,0,3,6916,286595,27,854275,2571,95.2222
0,0,3,6917,197912,26,605653,2571,98.8846
0,0,3,6918,59.5,14,1.1009e+06,2571,183.643
0,0,3,6931,184624,104,351006,2571,24.7212
0,0,3,6950,662521,23,1.34678e+06,2571,111.783
0,0,3,6999,393895,15,1.62811e+06,2571,171.4
0,0,3,7000,1.09538e+06,13,1.33307e+06,2571,197.769
0,0,3,7001,3.18408e+06,3,3.18413e+06,2571,857
0,0,3,7002,185433,11,870898,2571,233.727
0,0,3,7027,1.1613e+06,9,1.45452e+06,2571,285.667
0,0,3,7028,73885.4,5,1.801e+06,2571,514.2
0,0,3,7029,233512,5,758674,2571,514.2
0,0,3,7030,382864,6,1.63912e+06,2571,428.5
0,0,3,7047,648331,9,1.08898e+06,2571,285.667
0,0,3,7048,927762,13,1.28005e+06,2571,197.769
0,0,3,7049,161415,11,1.08374e+06,2571,233.727
0,0,3,7050,802808,18,1.65324e+06,2571,142.833
0,0,3,7095,107068,6,1.7077e+06,2571,428.5
0,0,3,7096,570975,10,2.36076e+06,2571,257.1
0,0,3,7388,2022,6,4232.5,2571,428.5
0,0,3,7414,1.34316e+06,11,1.37151e+06,2571,233.727
0,0,3,7445,177589,5,1.96792e+06,2571,514.2
0,0,3,7447,26848.6,701,51751.4,2571,3.66762
0,0,3,7448,92913.6,172,207283,2571,14.9477
0,0,3,7473,16315.6,1206,28943.2,2571,2.13184
0,0,3,7476,24888.4,778,49338.1,2571,3.30463
0,0,3,7502,101841,129,270112,2571,19.9302
0,0,3,7580,218719,37,393907,2571,69.4865
0,0,3,7581,263868,78,318455,2571,32.9615
0,0,3,7582,101430,38,260953,2571,67.6579
0,0,3,7606,99150.1,222,166769,2571,11.5811
0,0,3,7672,56254,4,1.62244e+06,2571,642.75
0,0,3,7736,215443,22,365192,2571,116.864
0,0,3,7741,401891,17,487230,2571,151.235
0,0,3,7742,253308,11,1.2666e+06,2571,233.727
0,0,3,7800,2.25207e+06,6,2.2523e+06,2571,428.5
0,0,3,8510,929278,3,929327,2571,857
0,0,3,9024,2.64076e+06,2,2.6408e+06,2571,1285.5
0,0,3,9406,510926,7,810773,2571,367.286
0,0,3,9598,1.31158e+06,6,2.69722e+06,2571,428.5
0,0,3,9662,2.27633e+06,4,2.27818e+06,2571,642.75
0,0,3,9918,291374,11,542214,2571,233.727
0,0,3,9955,135356,15,595523,2571,171.4
0,0,3,9956,1.36767e+06,6,2.52119e+06,2571,428.5
0,0,3,9957,159188,50,363748,2571,51.42
0,0,3,9958,198321,45,509521,2571,57.1333
0,0,3,10281,32234.5,23,695375,2571,111.783
0,0,3,10282,2319.68,31,606477,2571,82.9355
0,0,3,11559,1.96017e+06,2,1.9602e+06,2571,1285.5
0,0,3,11719,1.5237e+06,4,1.52375e+06,2571,642.75
0,0,3,12312,955492,5,955548,2571,514.2
0,0,3,12853,1.92891e+06,4,1.929e+06,2571,642.75
0,0,3,13194,1.25344e+06,13,1.25351e+06,2571,197.769
0,0,3,13226,799958,11,988736,2571,233.727
0,0,3,13648,78732.5,4,1.32099e+06,2571,642.75
0,0,3,14951,311788,21,507044,2571,122.429
0,0,3,14955,454826,46,558056,2571,55.8913
0,0,3,14956,1.6347e+06,9,1.73225e+06,2571,285.667
0,0,3,14957,856910,12,1.18518e+06,2571,214.25
0,0,3,14958,548,4,3269,2571,642.75
0,0,3,14961,238804,32,491312,2571,80.3438
0,0,3,14962,155685,44,356143,2571,58.4318
0,0,3,14965,1.58777e+06,4,2.22003e+06,2571,642.75
0,0,3,14966,476070,10,2.13605e+06,2571,257.1
0,0,3,14967,958994,18,1.24475e+06,2571,142.833
0,0,3,14968,246098,92,283486,2571,27.9457
0,0,3,14978,3.10829e+06,2,3.10832e+06,2571,1285.5
0,0,3,14983,178978,39,385657,2571,65.9231
0,0,3,14984,284188,37,1.03369e+06,2571,69.4865
0,0,3,14988,662694,10,2.70409e+06,2571,257.1
0,0,3,14989,98456,154,191752,2571,16.6948
0,0,3,14990,2.34263e+06,7,3.54528e+06,2571,367.286
0,0,3,14994,183851,125,257635,2571,20.568
0,0,3,14995,521324,22,1.13143e+06,2571,116.864
0,0,3,14996,25924.5,19,833587,2571,135.316
0,0,3,14997,25151.8,37,410558,2571,69.4865
0,0,3,14998,34539.6,19,770286,2571,135.316
0,0,3,15004,1.1735e+07,2,1.1735e+07,2571,1285.5
0,0,3,15007,554615,28,804558,2571,91.8214
0,0,3,15009,109267,198,170766,2571,12.9848
0,0,3,15020,29256.8,619,39932.7,2571,4.15347
0,0,3,15023,170883,85,384735,2571,30.2471
0,0,3,15027,56.25,8,1104.38,2571,321.375
0,0,3,15042,2.53232e+06,6,2.5365e+06,2571,428.5
0,0,3,15047,2.60288e+06,3,5.0577e+06,2571,857
0,0,3,15048,7.19309e+06,2,7.19313e+06,2571,1285.5
0,0,3,15049,632364,35,1.01188e+06,2571,73.4571
0,0,3,64820,556306,45,864347,2571,57.1333
0,0,3,64822,919508,17,1.36196e+06,2571,151.235
0,0,3,64823,397543,9,1.23296e+06,2571,285.667
0,0,3,64824,1.00257e+06,6,1.85017e+06,2571,428.5
0,0,3,64826,1.00594e+06,5,3.73848e+06,2571,514.2
0,0,3,64829,239950,39,997213,2571,65.9231
0,0,3,64831,2.20627e+06,5,2.61188e+06,2571,514.2
0,0,3,64838,717135,29,1.34057e+06,2571,88.6552
0,0,3,64840,2.53002e+06,3,3.70045e+06,2571,857
0,0,3,65461,3.73453e+06,7,3.92243e+06,2571,367.286
0,0,3,65618,7.9e+06,2,7.90004e+06,2571,1285.5
0,0,3,66425,359396,38,894447,2571,67.6579
0,0,3,66532,473073,3,473120,2571,857
0,1,0,4102,4.28834e+06,4,7.53592e+06,2571,642.75
0,1,0,4109,1.93946e+06,5,4.5607e+06,2571,514.2
0,1,0,4130,1.17538e+06,15,1.25355e+06,2571,171.4
0,1,0,4136,1.75295e+06,2,1.75298e+06,2571,1285.5
0,1,0,4137,145114,47,612144,2571,54.7021
0,1,0,4138,74705.7,44,684664,2571,58.4318
0,1,0,4139,1.70118e+06,8,2.07478e+06,2571,321.375
0,1,0,4140,60176.4,27,1.15384e+06,2571,95.2222
0,1,0,4142,1.54211e+06,7,4.65658e+06,2571,367.286
0,1,0,4147,926.312,16,1.7199e+06,2571,160.688
0,1,0,4158,492.222,9,3.09206e+06,2571,285.667
0,1,0,4161,581497,50,796125,2571,51.42
0,1,0,4180,1.11331e+06,21,1.46062e+06,2571,122.429
0,1,0,4181,134229,3,478774,2571,857
0,1,0,4374,5.55e+06,2,5.55004e+06,2571,1285.5
0,1,0,4380,1.72815e+06,7,2.35504e+06,2571,367.286
0,1,0,4401,802324,10,3.3347e+06,2571,257.1
0,1,0,4402,43864.1,40,820055,2571,64.275
0,1,0,4403,131382,10,2.00012e+06,2571,257.1
0,1,0,4406,1.08389e+06,11,3.31419e+06,2571,233.727
0,1,0,4407,223.077,13,518300,2571,197.769
0,1,0,4411,2.43679e+06,10,3.38889e+06,2571,257.1
0,1,0,4421,81448.8,85,405223,2571,30.2471
0,1,0,4422,700555,5,1.26998e+06,2571,514.2
0,1,0,4424,21837.1,474,35245.7,2571,5.42405
0,1,0,4425,19201.9,490,43732.9,2571,5.24694
0,1,0,4427,147.833,12,1.39148e+06,2571,214.25
0,1,0,4428,581095,23,1.63644e+06,2571,111.783
0,1,0,4429,78683.5,156,235441,2571,16.4808
0,1,0,4430,211677,64,588096,2571,40.1719
0,1,0,4431,570987,29,1.25765e+06,2571,88.6552
0,1,0,4432,24494.2,25,301177,2571,102.84
0,1,0,4435,188590,8,1.04203e+06,2571,321.375
0,1,0,4440,60072.1,84,470081,2571,30.6071
0,1,0,4441,90357.5,88,404773,2571,29.2159
0,1,0,4442,44384.9,26,1.3342e+06,2571,98.8846
0,1,0,4443,5.09005e+06,3,5.09016e+06,2571,857
0,1,0,4451,444084,5,6.43671e+06,2571,514.2
0,1,0,4453,2.31327e+06,2,2.31345e+06,2571,1285.5
0,1,0,4454,199224,12,1.3427e+06,2571,214.25
0,1,0,4457,284640,12,1.16941e+06,2571,214.25
0,1,0,4458,323159,18,778282,2571,142.833
0,1,0,4459,148047,47,719656,2571,54.7021
0,1,0,4460,101119,70,443285,2571,36.7286
0,1,0,4461,157252,13,1.11493e+06,2571,197.769
0,1,0,4463,538680,14,1.1988e+06,2571,183.643
0,1,0,4471,1.03533e+06,2,1.03537e+06,2571,1285.5
0,1,0,4476,567382,17,1.07497e+06,2571,151.235
0,1,0,4478,1.40053e+06,11,2.59928e+06,2571,233.727
0,1,0,4479,169708,11,1.51826e+06,2571,233.727
0,1,0,4480,1.59839e+06,5,1.67822e+06,2571,514.2
0,1,0,4481,1206.83,6,1.31507e+06,2571,428.5
0,1,0,4482,292133,59,657780,2571,43.5763
0,1,0,4483,921971,8,4.02281e+06,2571,321.375
0,1,0,4484,447488,15,947506,2571,171.4
0,1,0,4486,619327,8,1.78456e+06,2571,321.375
0,1,0,4487,142708,3,1.73863e+06,2571,857
0,1,0,4494,43819.2,229,55624.9,2571,11.2271
0,1,0,4495,21771.8,147,33619.4,2571,17.4898
0,1,0,4509,436318,22,1.41123e+06,2571,116.864
0,1,0,4516,1131,5,143626,2571,514.2
0,1,0,4517,266504,2,266539,2571,1285.5
0,1,0,4523,335687,7,1.17805e+06,2571,367.286
0,1,0,4528,212922,8,2.00893e+06,2571,321.375
0,1,0,4537,884,4,2.00737e+06,2571,642.75
0,1,0,4547,195.75,4,2.23661e+06,2571,642.75
0,1,0,4565,345.125,8,151165,2571,321.375
0,1,0,4570,1.96126e+06,5,3.15659e+06,2571,514.2
0,1,0,4584,827199,14,1.30098e+06,2571,183.643
0,1,0,4585,1.52609e+06,5,1.52615e+06,2571,514.2
0,1,0,4600,139179,9,1.85887e+06,2571,285.667
0,1,0,4603,597573,20,973312,2571,128.55
0,1,0,4609,212341,48,616168,2571,53.5625
0,1,0,4615,335558,8,1.35992e+06,2571,321.375
0,1,0,4620,2.06756e+06,12,3.01717e+06,2571,214.25
0,1,0,4622,656093,13,904906,2571,197.769
0,1,0,4624,2.62689e+06,8,3.13223e+06,2571,321.375
0,1,0,4625,1.94796e+06,4,3.35641e+06,2571,642.75
0,1,0,4630,2.28973e+06,5,4.33009e+06,2571,514.2
0,1,0,4636,466980,8,2.09008e+06,2571,321.375
0,1,0,4637,430754,17,988522,2571,151.235
0,1,0,4638,611.889,9,2.60974e+06,2571,285.667
0,1,0,4640,94095.3,160,198116,2571,16.0688
0,1,0,4641,362067,46,823302,2571,55.8913
0,1,0,4646,1.17038e+06,16,1.5616e+06,2571,160.688
0,1,0,4648,392297,19,667574,2571,135.316
0,1,0,4658,18221.9,25,426610,2571,102.84
0,1,0,4676,25492.9,14,1.13199e+06,2571,183.643
0,1,0,4678,61300,4,1.75013e+06,2571,642.75
0,1,0,4679,56.25,8,2.29166e+06,2571,321.375
0,1,0,4680,2012.74,23,134106,2571,111.783
0,1,0,4681,99302.1,13,705555,2571,197.769
0,1,0,4685,7.01879e+06,2,7.01882e+06,2571,1285.5
0,1,0,4687,1.08623e+06,2,1.08626e+06,2571,1285.5
0,1,0,4689,1265,5,2.85417e+06,2571,514.2
0,1,0,4692,200326,66,462436,2571,38.9545
0,1,0,4693,277.75,4,1872.25,2571,642.75
0,1,0,4696,73404.6,12,374061,2571,214.25
0,1,0,4697,1.83402e+06,14,2.47915e+06,2571,183.643
0,1,0,4699,1.50805e+06,10,3.10997e+06,2571,257.1
0,1,0,4705,168678,24,689291,2571,107.125
0,1,0,4707,232.5,2,267.5,2571,1285.5
0,1,0,4722,4215.25,4,18352.5,2571,642.75
0,1,0,4725,208159,4,2.10751e+06,2571,642.75
0,1,0,4728,524081,22,895633,2571,116.864
0,1,0,4730,3.67006e+06,2,3.67027e+06,2571,1285.5
0,1,0,4734,398184,15,1.61803e+06,2571,171.4
0,1,0,4735,189513,39,350702,2571,65.9231
0,1,0,4744,2.1829e+06,12,2.43369e+06,2571,214.25
0,1,0,4794,823643,14,1.45676e+06,2571,183.643
0,1,0,4795,615354,5,812078,2571,514.2
0,1,0,4835,218448,6,2.34014e+06,2571,428.5
0,1,0,4836,1.33019e+06,6,2.24735e+06,2571,428.5
0,1,0,4838,972.167,6,13554.2,2571,428.5
0,1,0,4843,653446,2,653481,2571,1285.5
0,1,0,4853,933,10,77426.6,2571,257.1
0,1,0,4855,3.02552e+06,3,3.02556e+06,2571,857
0,1,0,4856,859013,8,974676,2571,321.375
0,1,0,4857,509982,31,931591,2571,82.9355
0,1,0,4863,1.84526e+06,7,4.10867e+06,2571,367.286
0,1,0,4864,1.5293e+06,8,1.59926e+06,2571,321.375
0,1,0,4865,5.22886e+06,3,7.92169e+06,2571,857
0,1,0,4878,2.40519e+06,14,2.41706e+06,2571,183.643
0,1,0,4880,1.22404e+06,6,1.23001e+06,2571,428.5
0,1,0,4881,317416,10,822827,2571,257.1
0,1,0,4890,400651,2,400686,2571,1285.5
0,1,0,4891,1.52207e+06,17,2.05004e+06,2571,151.235
0,1,0,4932,1.18436e+06,2,1.18439e+06,2571,1285.5
0,1,0,5060,46098,506,75235.4,2571,5.08103
0,1,0,5076,786483,10,3.81936e+06,2571,257.1
0,1,0,5087,307610,14,545031,2571,183.643
0,1,0,5088,18580.4,51,164354,2571,50.4118
0,1,0,5089,109358,25,329549,2571,102.84
0,1,0,5090,329688,16,379007,2571,160.688
0,1,0,5221,827919,8,2.04461e+06,2571,321.375
0,1,0,5252,1.54164e+06,9,1.98592e+06,2571,285.667
0,1,0,5284,732644,10,908156,2571,257.1
0,1,0,5444,2.33203e+06,2,2.33212e+06,2571,1285.5
0,1,0,5963,1.63882e+06,4,2.03771e+06,2571,642.75
0,1,0,6031,1.28295e+06,4,1.6719e+06,2571,642.75
0,1,0,6478,2.26911e+06,4,2.28391e+06,2571,642.75
0,1,0,6606,1.11497e+06,6,2.16672e+06,2571,428.5
0,1,0,6673,2.40293e+06,2,2.40298e+06,2571,1285.5
0,1,0,6916,42817.5,45,338688,2571,57.1333
0,1,0,6917,35253.6,49,349821,2571,52.4694
0,1,0,6918,171782,35,443412,2571,73.4571
0,1,0,6919,433859,17,1.42261e+06,2571,151.235
0,1,0,6932,151630,7,762177,2571,367.286
0,1,0,6933,360645,35,547889,2571,73.4571
0,1,0,6934,3.84677e+06,4,8.06122e+06,2571,642.75
0,1,0,6950,312934,10,952441,2571,257.1
0,1,0,6951,43502.7,15,1.11859e+06,2571,171.4
0,1,0,6993,372325,5,486909,2571,514.2
0,1,0,7000,836715,9,1.02416e+06,2571,285.667
0,1,0,7001,1.1139e+06,8,1.2443e+06,2571,321.375
0,1,0,7002,341444,20,1.17174e+06,2571,128.55
0,1,0,7003,1.40485e+06,9,1.67989e+06,2571,285.667
0,1,0,7028,735337,4,735390,2571,642.75
0,1,0,7029,192141,10,941092,2571,257.1
0,1,0,7030,1.33452e+06,12,2.1116e+06,2571,214.25
0,1,0,7031,1.17993e+06,18,1.95778e+06,2571,142.833
0,1,0,7048,421802,14,1.64585e+06,2571,183.643
0,1,0,7049,221085,9,2.43306e+06,2571,285.667
0,1,0,7051,125305,6,1.56048e+06,2571,428.5
0,1,0,7096,1.07553e+06,8,2.01521e+06,2571,321.375
0,1,0,7097,6928.26,23,844780,2571,111.783
0,1,0,7255,896.1,10,1.35774e+06,2571,257.1
0,1,0,7257,2.6281e+06,2,2.62814e+06,2571,1285.5
0,1,0,7446,22942.7,6,1.29768e+06,2571,428.5
0,1,0,7447,1.18389e+06,18,1.65241e+06,2571,142.833
0,1,0,7448,193583,77,439016,2571,33.3896
0,1,0,7449,40525.5,362,101142,2571,7.10221
0,1,0,7474,485146,28,1.30225e+06,2571,91.8214
0,1,0,7477,1262.15,41,497912,2571,62.7073
0,1,0,7503,41907.8,333,108279,2571,7.72072
0,1,0,7581,60929.1,200,145631,2571,12.855
0,1,0,7583,270383,29,995986,2571,88.6552
0,1,0,7606,1000.11,45,4395.64,2571,57.1333
0,1,0,7741,1.10969e+06,12,2.13437e+06,2571,214.25
0,1,0,7743,170184,6,1.18096e+06,2571,428.5
0,1,0,7905,4.92611e+06,2,4.92615e+06,2571,1285.5
0,1,0,8057,597966,18,776892,2571,142.833
0,1,0,8589,2.81081e+06,2,2.81091e+06,2571,1285.5
0,1,0,8894,830150,9,1.54514e+06,2571,285.667
0,1,0,8926,2.38789e+06,4,3.15446e+06,2571,642.75
0,1,0,8958,1.40717e+06,7,2.72273e+06,2571,367.286
0,1,0,9956,456091,12,1.28962e+06,2571,214.25
0,1,0,9957,11111.7,24,689329,2571,107.125
0,1,0,9958,227087,51,761909,2571,50.4118
0,1,0,9959,60545.5,50,330067,2571,51.42
0,1,0,10211,2.62411e+06,6,2.96656e+06,2571,428.5
0,1,0,10280,40176.8,191,80094.1,2571,13.4607
0,1,0,10282,784264,20,1.18374e+06,2571,128.55
0,1,0,10283,68690.2,23,693941,2571,111.783
0,1,0,10407,437902,11,701938,2571,233.727
0,1,0,11948,293410,6,2.77458e+06,2571,428.5
0,1,0,13711,700227,10,1.56495e+06,2571,257.1
0,1,0,14947,1.76822e+06,2,1.76826e+06,2571,1285.5
0,1,0,14948,2.64184e+06,2,2.64187e+06,2571,1285.5
0,1,0,14950,273431,14,819521,2571,183.643
0,1,0,14952,291289,40,582762,2571,64.275
0,1,0,14953,3.52611e+06,2,3.52632e+06,2571,1285.5
0,1,0,14955,2.12294e+06,4,2.49992e+06,2571,642.75
0,1,0,14962,10707.8,36,445421,2571,71.4167
0,1,0,14963,110.727,11,806787,2571,233.727
0,1,0,14966,1.95144e+06,11,3.26637e+06,2571,233.727
0,1,0,14967,847544,5,1.75524e+06,2571,514.2
0,1,0,14968,643793,7,2.8599e+06,2571,367.286
0,1,0,14978,955030,7,1.18725e+06,2571,367.286
0,1,0,14984,273115,23,720926,2571,111.783
0,1,0,14985,463065,27,607007,2571,95.2222
0,1,0,14995,411765,21,808277,2571,122.429
0,1,0,14996,392.412,17,648567,2571,151.235
0,1,0,14997,252638,20,820212,2571,128.55
0,1,0,14998,81506.8,35,473714,2571,73.4571
0,1,0,15001,4.85696e+06,3,4.85701e+06,2571,857
0,1,0,15003,3.29124e+06,5,3.29424e+06,2571,514.2
0,1,0,15008,297433,22,1.36933e+06,2571,116.864
0,1,0,15028,343.5,22,723954,2571,116.864
0,1,0,15029,244.571,7,2.2633e+06,2571,367.286
0,1,0,15047,1.67182e+06,5,3.01576e+06,2571,514.2
0,1,0,15049,2.44217e+06,3,4.83246e+06,2571,857
0,1,0,15050,433.333,3,3110.67,2571,857
0,1,0,64820,285102,19,1.04474e+06,2571,135.316
0,1,0,64821,51841.9,34,1.14408e+06,2571,75.6176
0,1,0,64822,115049,13,1.63457e+06,2571,197.769
0,1,0,64823,90366.7,75,510507,2571,34.28
0,1,0,64824,3741,4,2.77812e+06,2571,642.75
0,1,0,64830,390194,5,2.60938e+06,2571,514.2
0,1,0,64839,2.47321e+06,6,4.56977e+06,2571,428.5
0,1,0,64840,1.28989e+06,8,4.60609e+06,2571,321.375
0,1,0,65450,2.48171e+06,6,2.48345e+06,2571,428.5
0,1,0,65619,4.01806e+06,2,4.0181e+06,2571,1285.5
0,1,0,66398,4.07795e+06,2,4.07799e+06,2571,1285.5
0,1,1,4098,407612,9,2.29385e+06,2571,285.667
0,1,1,4128,3.26595e+06,2,3.26599e+06,2571,1285.5
0,1,1,4137,80662.4,78,498292,2571,32.9615
0,1,1,4138,957656,19,2.04402e+06,2571,135.316
0,1,1,4139,726302,20,1.50444e+06,2571,128.55
0,1,1,4140,276953,23,732121,2571,111.783
0,1,1,4142,88763.4,18,937418,2571,142.833
0,1,1,4146,2.82557e+06,2,2.82561e+06,2571,1285.5
0,1,1,4147,672.857,7,3842.71,2571,367.286
0,1,1,4154,3.11993e+06,2,3.11997e+06,2571,1285.5
0,1,1,4160,766087,11,2.49264e+06,2571,233.727
0,1,1,4180,2.48227e+06,9,2.90356e+06,2571,285.667
0,1,1,4380,5.5483e+06,2,5.54834e+06,2571,1285.5
0,1,1,4397,1.66948e+06,9,3.42039e+06,2571,285.667
0,1,1,4400,122436,6,1.16065e+06,2571,428.5
0,1,1,4401,30,15,2.17696e+06,2571,171.4
0,1,1,4402,10069.9,24,1.55746e+06,2571,107.125
0,1,1,4403,7.26743e+06,4,9.87074e+06,2571,642.75
0,1,1,4404,3308.29,21,340001,2571,122.429
0,1,1,4405,439362,3,4.34321e+06,2571,857
0,1,1,4406,112833,19,1.82974e+06,2571,135.316
0,1,1,4407,156905,16,2.2399e+06,2571,160.688
0,1,1,4413,167548,57,614400,2571,45.1053
0,1,1,4420,566548,15,1.81136e+06,2571,171.4
0,1,1,4421,19046.8,109,361796,2571,23.5872
0,1,1,4422,826.667,3,1086,2571,857
0,1,1,4424,21456,576,62248.9,2571,4.46354
0,1,1,4425,12932.5,449,39076.7,2571,5.72606
0,1,1,4426,7064.17,47,706186,2571,54.7021
0,1,1,4427,197819,67,501490,2571,38.3731
0,1,1,4428,1132,15,1.1866e+06,2571,171.4
0,1,1,4429,268413,46,738160,2571,55.8913
0,1,1,4430,111094,80,477278,2571,32.1375
0,1,1,4431,2.59914e+06,5,5.5476e+06,2571,514.2
0,1,1,4432,637868,22,689131,2571,116.864
0,1,1,4433,139066,35,411085,2571,73.4571
0,1,1,4437,86028.2,120,290609,2571,21.425
0,1,1,4440,26888.6,103,370713,2571,24.9612
0,1,1,4441,194.789,19,1.1369e+06,2571,135.316
0,1,1,4442,908806,4,1.62556e+06,2571,642.75
0,1,1,4443,265768,22,1.69564e+06,2571,116.864
0,1,1,4444,504680,19,1.41875e+06,2571,135.316
0,1,1,4445,124920,46,830035,2571,55.8913
0,1,1,4447,292994,32,1.01817e+06,2571,80.3438
0,1,1,4453,412957,6,1.55398e+06,2571,428.5
0,1,1,4456,156939,18,955070,2571,142.833
0,1,1,4457,53137,105,292391,2571,24.4857
0,1,1,4458,461886,14,1.88576e+06,2571,183.643
0,1,1,4459,194038,10,1.67817e+06,2571,257.1
0,1,1,4460,95962.8,8,1.52011e+06,2571,321.375
0,1,1,4463,831707,10,1.66381e+06,2571,257.1
0,1,1,4471,1.73297e+06,5,1.74673e+06,2571,514.2
0,1,1,4473,641537,14,1.17434e+06,2571,183.643
0,1,1,4474,211609,21,1.49429e+06,2571,122.429
0,1,1,4476,1.24041e+06,22,1.67621e+06,2571,116.864
0,1,1,4477,27007.9,25,681530,2571,102.84
0,1,1,4478,206665,16,691639,2571,160.688
0,1,1,4479,643519,11,977832,2571,233.727
0,1,1,4480,924831,23,1.34477e+06,2571,111.783
0,1,1,4482,294782,13,2.12379e+06,2571,197.769
0,1,1,4484,390523,7,673023,2571,367.286
0,1,1,4485,146961,9,1.62812e+06,2571,285.667
0,1,1,4486,3.02394e+06,3,3.14711e+06,2571,857
0,1,1,4488,346459,64,558362,2571,40.1719
0,1,1,4491,689347,9,2.22146e+06,2571,285.667
0,1,1,4494,14993.4,313,28745.9,2571,8.21406
0,1,1,4495,1788.27,168,5804.21,2571,15.3036
0,1,1,4509,1.24344e+06,20,1.87055e+06,2571,128.55
0,1,1,4514,154810,10,1.44172e+06,2571,257.1
0,1,1,4515,2.83118e+06,5,4.95295e+06,2571,514.2
0,1,1,4523,823150,6,2.39554e+06,2571,428.5
0,1,1,4529,1.77354e+06,4,3.64096e+06,2571,642.75
0,1,1,4546,1.15792e+06,10,2.97497e+06,2571,257.1
0,1,1,4549,247367,7,751267,2571,367.286
0,1,1,4555,2.25251e+06,4,3.4608e+06,2571,642.75
0,1,1,4557,245067,25,453638,2571,102.84
0,1,1,4562,1076.75,4,4542,2571,642.75
0,1,1,4563,3.02132e+06,3,3.02137e+06,2571,857
0,1,1,4576,617041,11,1.58584e+06,2571,233.727
0,1,1,4578,349611,8,1.77298e+06,2571,321.375
0,1,1,4584,1.02223e+06,8,1.02571e+06,2571,321.375
0,1,1,4594,460882,13,1.25628e+06,2571,197.769
0,1,1,4600,1.8713e+06,2,1.87134e+06,2571,1285.5
0,1,1,4603,227519,37,620832,2571,69.4865
0,1,1,4608,225,2,260,2571,1285.5
0,1,1,4615,3.19782e+06,2,3.19785e+06,2571,1285.5
0,1,1,4622,2765,4,2.63728e+06,2571,642.75
0,1,1,4625,5.3292e+06,7,5.32974e+06,2571,367.286
0,1,1,4630,1564.5,4,3.47913e+06,2571,642.75
0,1,1,4637,302,2,337,2571,1285.5
0,1,1,4640,1.27178e+06,9,2.10304e+06,2571,285.667
0,1,1,4646,64037.8,139,254122,2571,18.4964
0,1,1,4647,125377,114,296286,2571,22.5526
0,1,1,4649,110342,105,242228,2571,24.4857
0,1,1,4658,182278,26,558660,2571,98.8846
0,1,1,4679,126724,16,1.02939e+06,2571,160.688
0,1,1,4680,192388,9,1.22687e+06,2571,285.667
0,1,1,4681,3.85516e+06,2,3.85519e+06,2571,1285.5
0,1,1,4684,3.04098e+06,4,4.50686e+06,2571,642.75
0,1,1,4686,1.15164e+06,15,1.76869e+06,2571,171.4
0,1,1,4688,183111,13,686006,2571,197.769
0,1,1,4692,487392,46,635318,2571,55.8913
0,1,1,4693,1.35957e+06,5,2.63729e+06,2571,514.2
0,1,1,4699,23900.3,39,234634,2571,65.9231
0,1,1,4703,90,5,1.55848e+06,2571,514.2
0,1,1,4707,1.33444e+06,8,2.09027e+06,2571,321.375
0,1,1,4721,341.5,2,376.5,2571,1285.5
0,1,1,4723,577.333,3,3338,2571,857
0,1,1,4725,1.58788e+06,3,2.52211e+06,2571,857
0,1,1,4734,1.24563e+06,6,2.60213e+06,2571,428.5
0,1,1,4737,565.5,2,600.5,2571,1285.5
0,1,1,4743,1723.6,5,6408.6,2571,514.2
0,1,1,4745,498596,4,2.18846e+06,2571,642.75
0,1,1,4777,189560,62,290342,2571,41.4677
0,1,1,4789,582,2,617,2571,1285.5
0,1,1,4792,292233,17,979924,2571,151.235
0,1,1,4795,242694,28,391087,2571,91.8214
0,1,1,4833,366936,21,453402,2571,122.429
0,1,1,4834,604617,6,1.59799e+06,2571,428.5
0,1,1,4835,2.68038e+06,2,2.68042e+06,2571,1285.5
0,1,1,4837,1.87534e+06,2,1.87538e+06,2571,1285.5
0,1,1,4838,100962,24,376648,2571,107.125
0,1,1,4839,241050,26,659182,2571,98.8846
0,1,1,4841,801681,4,2.22128e+06,2571,642.75
0,1,1,4843,397496,11,1.56034e+06,2571,233.727
0,1,1,4849,1.17176e+06,10,2.15789e+06,2571,257.1
0,1,1,4852,50493.6,9,1.83866e+06,2571,285.667
0,1,1,4853,9653.33,9,946298,2571,285.667
0,1,1,4855,907654,15,1.88933e+06,2571,171.4
0,1,1,4857,226182,15,2.33704e+06,2571,171.4
0,1,1,4858,265,2,300,2571,1285.5
0,1,1,4864,500401,25,1.27393e+06,2571,102.84
0,1,1,4878,210599,9,1.85277e+06,2571,285.667
0,1,1,4879,1.84786e+06,5,1.84802e+06,2571,514.2
0,1,1,4880,169106,10,949401,2571,257.1
0,1,1,4890,382.854,82,338890,2571,31.3537
0,1,1,4904,1.76794e+06,3,1.768e+06,2571,857
0,1,1,4931,3.22338e+06,2,3.22342e+06,2571,1285.5
0,1,1,4938,1.6984e+06,8,2.25333e+06,2571,321.375
0,1,1,5061,889548,6,1.59681e+06,2571,428.5
0,1,1,5076,317989,8,2.03574e+06,2571,321.375
0,1,1,5087,42472.9,38,236579,2571,67.6579
0,1,1,5088,256792,46,322151,2571,55.8913
0,1,1,5220,124002,8,898222,2571,321.375
0,1,1,5476,848565,21,1.62048e+06,2571,122.429
0,1,1,5508,2.47748e+06,2,2.47754e+06,2571,1285.5
0,1,1,5540,890828,5,1.03144e+06,2571,514.2
0,1,1,6766,2.86099e+06,4,3.01911e+06,2571,642.75
0,1,1,6916,23739.4,29,547364,2571,88.6552
0,1,1,6917,698.107,28,509094,2571,91.8214
0,1,1,6918,303646,24,717049,2571,107.125
0,1,1,6919,195454,24,419351,2571,107.125
0,1,1,6932,1.32823e+06,10,2.66343e+06,2571,257.1
0,1,1,6933,594730,24,1.41721e+06,2571,107.125
0,1,1,6950,1.13501e+06,9,3.31279e+06,2571,285.667
0,1,1,6993,954796,10,1.51367e+06,2571,257.1
0,1,1,7000,4559,3,155794,2571,857
0,1,1,7002,740737,9,1.7633e+06,2571,285.667
0,1,1,7003,14078.6,23,1.1372e+06,2571,111.783
0,1,1,7028,1.19784e+06,11,1.29761e+06,2571,233.727
0,1,1,7030,208700,23,1.16871e+06,2571,111.783
0,1,1,7031,20828,4,1.06001e+06,2571,642.75
0,1,1,7039,1.30118e+06,3,1.71733e+06,2571,857
0,1,1,7048,568549,22,1.04487e+06,2571,116.864
0,1,1,7049,849842,8,1.8233e+06,2571,321.375
0,1,1,7050,281228,8,871176,2571,321.375
0,1,1,7096,32875,13,708911,2571,197.769
0,1,1,7097,1.78085e+06,5,1.83715e+06,2571,514.2
0,1,1,7099,284561,22,1.06627e+06,2571,116.864
0,1,1,7446,1.19441e+06,6,1.56726e+06,2571,428.5
0,1,1,7447,294507,19,895761,2571,135.316
0,1,1,7448,1.01579e+06,20,1.84413e+06,2571,128.55
0,1,1,7449,85413.1,116,311893,2571,22.1638
0,1,1,7474,60157.5,68,553718,2571,37.8088
0,1,1,7502,138504,73,373124,2571,35.2192
0,1,1,7503,75899.9,74,130564,2571,34.7432
0,1,1,7581,51878.9,34,246070,2571,75.6176
0,1,1,7583,179953,77,448198,2571,33.3896
0,1,1,7606,12695.3,37,846982,2571,69.4865
0,1,1,7723,3.04176e+06,3,3.04872e+06,2571,857
0,1,1,7742,1084.5,4,1.95226e+06,2571,642.75
0,1,1,7743,299,2,334,2571,1285.5
0,1,1,8121,466065,7,540637,2571,367.286
0,1,1,8249,261340,4,1.57937e+06,2571,642.75
0,1,1,8281,703395,15,1.02659e+06,2571,171.4
0,1,1,9086,720956,15,1.24052e+06,2571,171.4
0,1,1,9956,537333,18,1.00216e+06,2571,142.833
0,1,1,9957,236929,17,940525,2571,151.235
0,1,1,9958,445630,41,857958,2571,62.7073
0,1,1,9959,416785,34,1.03927e+06,2571,75.6176
0,1,1,10280,576682,9,826006,2571,285.667
0,1,1,10282,245.8,15,1.07632e+06,2571,171.4
0,1,1,10283,373221,43,818087,2571,59.7907
0,1,1,10471,183643,15,928739,2571,171.4
0,1,1,10631,625515,12,1.24656e+06,2571,214.25
0,1,1,12588,1.97871e+06,7,5.04321e+06,2571,367.286
0,1,1,12780,584603,5,1.11489e+06,2571,514.2
0,1,1,12938,553958,6,1.2207e+06,2571,428.5
0,1,1,14287,627856,9,1.2417e+06,2571,285.667
0,1,1,14415,1.67195e+06,2,1.67199e+06,2571,1285.5
0,1,1,14950,775881,6,3.09936e+06,2571,428.5
0,1,1,14951,1.94058e+06,3,5.04166e+06,2571,857
0,1,1,14954,929312,2,929916,2571,1285.5
0,1,1,14955,1.90006e+06,4,1.90098e+06,2571,642.75
0,1,1,14956,616735,9,700514,2571,285.667
0,1,1,14958,4.51381e+06,4,4.66816e+06,2571,642.75
0,1,1,14962,5430.29,24,652120,2571,107.125
0,1,1,14963,284312,25,410843,2571,102.84
0,1,1,14967,199412,3,2.52005e+06,2571,857
0,1,1,14968,658207,25,1.16784e+06,2571,102.84
0,1,1,14969,150,3,1562,2571,857
0,1,1,14972,932091,10,1.34157e+06,2571,257.1
0,1,1,14975,2.52752e+06,2,2.52755e+06,2571,1285.5
0,1,1,14979,1.9381e+06,5,4.09987e+06,2571,514.2
0,1,1,14980,496697,51,675251,2571,50.4118
0,1,1,14981,1.95076e+06,7,1.99496e+06,2571,367.286
0,1,1,14984,480201,24,1.576e+06,2571,107.125
0,1,1,14985,361617,16,961232,2571,160.688
0,1,1,14990,723.6,30,2631.73,2571,85.7
0,1,1,14996,51237.6,14,1.74e+06,2571,183.643
0,1,1,14997,1.20222e+06,5,1.28546e+06,2571,514.2
0,1,1,14998,293127,24,997697,2571,107.125
0,1,1,14999,107605,32,784960,2571,80.3438
0,1,1,15000,3.7371e+06,2,3.73714e+06,2571,1285.5
0,1,1,15003,2140.5,6,1.25398e+06,2571,428.5
0,1,1,15008,126325,27,413808,2571,95.2222
0,1,1,15009,104591,11,830898,2571,233.727
0,1,1,15011,29103,496,52494.6,2571,5.18347
0,1,1,15024,107101,157,215735,2571,16.3758
0,1,1,15040,7.59503e+06,2,7.59506e+06,2571,1285.5
0,1,1,15041,3565.67,3,5.10702e+06,2571,857
0,1,1,15047,1.62553e+06,9,1.7012e+06,2571,285.667
0,1,1,15048,1.79414e+06,4,3.88842e+06,2571,642.75
0,1,1,64820,96841.2,92,422870,2571,27.9457
0,1,1,64821,1.07265e+06,10,2.12509e+06,2571,257.1
0,1,1,64822,166922,21,1.75282e+06,2571,122.429
0,1,1,64823,166274,55,572793,2571,46.7455
0,1,1,64824,680196,11,1.4949e+06,2571,233.727
0,1,1,64825,3.35009e+06,4,5.31227e+06,2571,642.75
0,1,1,64829,1.842e+06,11,3.48258e+06,2571,233.727
0,1,1,64832,427420,19,2.01223e+06,2571,135.316
0,1,1,64839,571324,20,1.74692e+06,2571,128.55
0,1,1,65450,5.54991e+06,2,5.54995e+06,2571,1285.5
0,1,1,66551,834756,27,1.25898e+06,2571,95.2222
0,1,1,66561,247017,33,1.15875e+06,2571,77.9091
0,1,2,4097,1.62054e+06,17,1.99807e+06,2571,151.235
0,1,2,4134,517342,8,686493,2571,321.375
0,1,2,4137,881091,11,1.67982e+06,2571,233.727
0,1,2,4138,294423,68,554626,2571,37.8088
0,1,2,4140,3.29212e+06,3,4.37949e+06,2571,857
0,1,2,4143,1.86076e+06,8,2.08958e+06,2571,321.375
0,1,2,4144,133.5,4,362634,2571,642.75
0,1,2,4147,177952,3,656494,2571,857
0,1,2,4160,802571,22,1.50621e+06,2571,116.864
0,1,2,4179,1.16865e+06,3,3.69932e+06,2571,857
0,1,2,4379,1.58154e+06,7,1.59059e+06,2571,367.286
0,1,2,4380,1.35744e+06,4,5.69955e+06,2571,642.75
0,1,2,4381,1.08608e+06,5,3.28435e+06,2571,514.2
0,1,2,4393,616202,28,1.38786e+06,2571,91.8214
0,1,2,4394,193827,41,560027,2571,62.7073
0,1,2,4402,218858,30,1.30724e+06,2571,85.7
0,1,2,4406,148408,28,1.04106e+06,2571,91.8214
0,1,2,4419,2.26825e+06,5,2.62948e+06,2571,514.2
0,1,2,4420,307661,19,1.0586e+06,2571,135.316
0,1,2,4423,78924.1,61,151353,2571,42.1475
0,1,2,4424,12051.8,584,48654,2571,4.4024
0,1,2,4425,55978.4,87,445372,2571,29.5517
0,1,2,4426,56203.6,95,386198,2571,27.0632
0,1,2,4427,50873.5,50,597939,2571,51.42
0,1,2,4428,803556,32,1.19279e+06,2571,80.3438
0,1,2,4429,251888,51,613026,2571,50.4118
0,1,2,4430,466839,37,1.06432e+06,2571,69.4865
0,1,2,4431,90.0769,13,1.10976e+06,2571,197.769
0,1,2,4432,94.3684,19,822299,2571,135.316
0,1,2,4439,397757,41,898623,2571,62.7073
0,1,2,4440,471134,13,2.40025e+06,2571,197.769
0,1,2,4441,204899,82,481583,2571,31.3537
0,1,2,4442,16300.7,58,686798,2571,44.3276
0,1,2,4443,55882,26,1.3967e+06,2571,98.8846
0,1,2,4444,1.88386e+06,7,2.86514e+06,2571,367.286
0,1,2,4447,51878.5,62,357531,2571,41.4677
0,1,2,4452,62061.9,105,352159,2571,24.4857
0,1,2,4453,110229,50,583067,2571,51.42
0,1,2,4455,214775,37,512070,2571,69.4865
0,1,2,4456,14897.8,4,28275.8,2571,642.75
0,1,2,4457,140582,101,210327,2571,25.4554
0,1,2,4458,2276.81,42,578385,2571,61.2143
0,1,2,4459,992993,6,2.06849e+06,2571,428.5
0,1,2,4460,65977.2,71,342712,2571,36.2113
0,1,2,4461,11146,2,11181,2571,1285.5
0,1,2,4472,31504.4,34,960944,2571,75.6176
0,1,2,4474,871538,6,2.64178e+06,2571,428.5
0,1,2,4476,46405.3,107,224628,2571,24.028
0,1,2,4477,1.6141e+06,4,2.56922e+06,2571,642.75
0,1,2,4478,595742,11,1.30722e+06,2571,233.727
0,1,2,4479,260507,10,1.90021e+06,2571,257.1
0,1,2,4482,375686,4,3.11253e+06,2571,642.75
0,1,2,4484,199914,8,1.93966e+06,2571,321.375
0,1,2,4491,344271,38,463017,2571,67.6579
0,1,2,4493,17458.9,387,38220.7,2571,6.64341
0,1,2,4494,42157.1,144,52606.4,2571,17.8542
0,1,2,4495,1456.29,204,5207.26,2571,12.6029
0,1,2,4498,128,4,1.45389e+06,2571,642.75
0,1,2,4508,577686,13,2.86956e+06,2571,197.769
0,1,2,4513,3.7082e+06,2,3.70823e+06,2571,1285.5
0,1,2,4516,3.01837e+06,3,4.93736e+06,2571,857
0,1,2,4537,64.2857,7,2.10606e+06,2571,367.286
0,1,2,4538,90523.5,2,90558.5,2571,1285.5
0,1,2,4554,535790,10,822836,2571,257.1
0,1,2,4561,610638,8,1.79009e+06,2571,321.375
0,1,2,4569,958562,5,1.18216e+06,2571,514.2
0,1,2,4576,1.28769e+06,6,2.44953e+06,2571,428.5
0,1,2,4577,1.04096e+06,7,3.34782e+06,2571,367.286
0,1,2,4578,530393,9,1.98173e+06,2571,285.667
0,1,2,4583,348.333,3,746050,2571,857
0,1,2,4584,2971.57,7,2.19852e+06,2571,367.286
0,1,2,4599,788951,14,1.20591e+06,2571,183.643
0,1,2,4600,463707,15,1.88222e+06,2571,171.4
0,1,2,4601,303972,6,1.56276e+06,2571,428.5
0,1,2,4602,331947,16,1.56432e+06,2571,160.688
0,1,2,4607,414852,16,1.0361e+06,2571,160.688
0,1,2,4613,153,3,4.93719e+06,2571,857
0,1,2,4619,7.24292e+06,2,7.24295e+06,2571,1285.5
0,1,2,4620,459.143,7,1.61644e+06,2571,367.286
0,1,2,4639,280366,45,804308,2571,57.1333
0,1,2,4640,81415,248,152618,2571,10.3669
0,1,2,4646,805195,13,1.4264e+06,2571,197.769
0,1,2,4647,219144,83,441213,2571,30.9759
0,1,2,4657,74934.4,29,503957,2571,88.6552
0,1,2,4658,1.48284e+06,12,2.55551e+06,2571,214.25
0,1,2,4676,48223.4,7,1.54661e+06,2571,367.286
0,1,2,4679,2.93229e+06,3,3.22005e+06,2571,857
0,1,2,4680,73.2812,32,255127,2571,80.3438
0,1,2,4684,531569,27,893092,2571,95.2222
0,1,2,4685,352324,27,622603,2571,95.2222
0,1,2,4687,14885,3,2.30289e+06,2571,857
0,1,2,4688,1.1166e+06,8,2.2054e+06,2571,321.375
0,1,2,4691,300198,79,411491,2571,32.5443
0,1,2,4692,707787,3,3.16249e+06,2571,857
0,1,2,4694,929677,10,1.62936e+06,2571,257.1
0,1,2,4695,360096,24,424100,2571,107.125
0,1,2,4698,2.46368e+06,3,2.5424e+06,2571,857
0,1,2,4704,2.19354e+06,6,2.46546e+06,2571,428.5
0,1,2,4705,1.75403e+06,5,2.02256e+06,2571,514.2
0,1,2,4721,3354.25,4,14824.8,2571,642.75
0,1,2,4723,1.22564e+06,5,1.83522e+06,2571,514.2
0,1,2,4724,1.03998e+06,20,1.12162e+06,2571,128.55
0,1,2,4725,409204,32,1.21467e+06,2571,80.3438
0,1,2,4729,676585,7,1.60148e+06,2571,367.286
0,1,2,4730,83024.1,73,228755,2571,35.2192
0,1,2,4740,1.04876e+06,7,1.17973e+06,2571,367.286
0,1,2,4745,1.9418e+06,8,2.34019e+06,2571,321.375
0,1,2,4792,1.58527e+06,6,3.22106e+06,2571,428.5
0,1,2,4794,442985,16,554707,2571,160.688
0,1,2,4838,2.42597e+06,3,2.42602e+06,2571,857
0,1,2,4839,2576.14,7,3954.71,2571,367.286
0,1,2,4849,1982,2,2193.5,2571,1285.5
0,1,2,4850,1.77672e+06,3,1.77684e+06,2571,857
0,1,2,4854,516257,21,1.38946e+06,2571,122.429
0,1,2,4855,1641.67,3,1688.33,2571,857
0,1,2,4856,8302,11,1.18857e+06,2571,233.727
0,1,2,4860,2.26187e+06,7,2.37004e+06,2571,367.286
0,1,2,4861,1049,3,1095.67,2571,857
0,1,2,4877,1.89734e+06,4,2.06387e+06,2571,642.75
0,1,2,4879,443.875,8,2.1341e+06,2571,321.375
0,1,2,4880,928972,13,1.06874e+06,2571,197.769
0,1,2,4889,97441,20,760995,2571,128.55
0,1,2,4890,1.40316e+06,7,3.43724e+06,2571,367.286
0,1,2,4904,2.75471e+06,2,2.75474e+06,2571,1285.5
0,1,2,4930,1.75646e+06,9,1.79278e+06,2571,285.667
0,1,2,5059,1.27812e+06,5,4.5839e+06,2571,514.2
0,1,2,5060,1.59485e+06,4,1.60088e+06,2571,642.75
0,1,2,5065,1.56957e+06,4,2.09793e+06,2571,642.75
0,1,2,5075,564773,13,855165,2571,197.769
0,1,2,5076,55420.8,6,213256,2571,428.5
0,1,2,5085,376427,14,555685,2571,183.643
0,1,2,5086,16731.2,22,357280,2571,116.864
0,1,2,5087,222085,28,312627,2571,91.8214
0,1,2,5089,417373,21,783833,2571,122.429
0,1,2,5115,3.69191e+06,4,4.06912e+06,2571,642.75
0,1,2,5219,427926,13,839734,2571,197.769
0,1,2,5220,265.4,10,590733,2571,257.1
0,1,2,5619,399591,9,1.05661e+06,2571,285.667
0,1,2,5892,1.02267e+06,2,1.0227e+06,2571,1285.5
0,1,2,5924,2.64233e+06,2,2.64236e+06,2571,1285.5
0,1,2,5936,2.41919e+06,2,2.41933e+06,2571,1285.5
0,1,2,5993,285074,4,3.72871e+06,2571,642.75
0,1,2,6522,3.4407e+06,5,4.00956e+06,2571,514.2
0,1,2,6864,2.28395e+06,2,2.28398e+06,2571,1285.5
0,1,2,6915,210728,32,485580,2571,80.3438
0,1,2,6916,2652.47,36,431469,2571,71.4167
0,1,2,6917,117491,55,263559,2571,46.7455
0,1,2,6918,44608.7,31,484783,2571,82.9355
0,1,2,6931,187723,100,390644,2571,25.71
0,1,2,6950,1.46036e+06,8,1.96827e+06,2571,321.375
0,1,2,6999,411584,8,1.68332e+06,2571,321.375
0,1,2,7000,1.11075e+06,9,1.87865e+06,2571,285.667
0,1,2,7001,391292,10,1.81348e+06,2571,257.1
0,1,2,7002,70712.8,8,1.14777e+06,2571,321.375
0,1,2,7027,252021,9,1.53447e+06,2571,285.667
0,1,2,7028,269882,9,1.04871e+06,2571,285.667
0,1,2,7029,359479,5,1.86764e+06,2571,514.2
0,1,2,7030,2.51723e+06,6,3.01978e+06,2571,428.5
0,1,2,7047,147089,15,1.85928e+06,2571,171.4
0,1,2,7048,315702,18,1.33341e+06,2571,142.833
0,1,2,7050,690126,10,962702,2571,257.1
0,1,2,7095,204176,11,1.71448e+06,2571,233.727
0,1,2,7096,257309,16,985177,2571,160.688
0,1,2,7222,30121.3,11,748464,2571,233.727
0,1,2,7445,371443,17,1.67341e+06,2571,151.235
0,1,2,7446,137118,6,1.58915e+06,2571,428.5
0,1,2,7447,214635,81,471863,2571,31.7407
0,1,2,7448,269137,83,439368,2571,30.9759
0,1,2,7473,89067.4,198,184129,2571,12.9848
0,1,2,7475,681714,3,3.34184e+06,2571,857
0,1,2,7580,197125,13,496050,2571,197.769
0,1,2,7581,220628,69,358931,2571,37.2609
0,1,2,7582,7941.1,10,3.0875e+06,2571,257.1
0,1,2,7605,7.88899e+06,3,7.88903e+06,2571,857
0,1,2,7640,1.4991e+06,4,1.95829e+06,2571,642.75
0,1,2,7719,1.01146e+06,11,1.47107e+06,2571,233.727
0,1,2,7720,373380,4,2.62258e+06,2571,642.75
0,1,2,7739,1.12023e+06,8,2.12551e+06,2571,321.375
0,1,2,7740,4.3144e+06,2,4.31444e+06,2571,1285.5
0,1,2,7741,183284,15,539034,2571,171.4
0,1,2,8413,1.75737e+06,2,1.75741e+06,2571,1285.5
0,1,2,8678,87266.9,9,976174,2571,285.667
0,1,2,9118,3.07321e+06,3,3.07326e+06,2571,857
0,1,2,9144,872409,10,1.50132e+06,2571,257.1
0,1,2,9955,83789.4,41,375356,2571,62.7073
0,1,2,9956,211149,23,659039,2571,111.783
0,1,2,9957,180164,47,362054,2571,54.7021
0,1,2,9958,39147.2,41,900979,2571,62.7073
0,1,2,10127,2.88729e+06,5,3.60529e+06,2571,514.2
0,1,2,10281,801109,10,1.59298e+06,2571,257.1
0,1,2,10282,14832.2,22,729372,2571,116.864
0,1,2,11079,807248,4,973931,2571,642.75
0,1,2,11207,1.94297e+06,3,1.94322e+06,2571,857
0,1,2,11687,1.16324e+06,6,2.66313e+06,2571,428.5
0,1,2,13002,2.97877e+06,2,2.9788e+06,2571,1285.5
0,1,2,13098,1.49946e+06,10,1.57522e+06,2571,257.1
0,1,2,13130,572403,3,1.30521e+06,2571,857
0,1,2,13162,647469,20,1.18693e+06,2571,128.55
0,1,2,14943,3.24998e+06,2,3.25001e+06,2571,1285.5
0,1,2,14948,1.61163e+06,2,1.61167e+06,2571,1285.5
0,1,2,14950,2.66757e+06,5,2.90098e+06,2571,514.2
0,1,2,14956,435709,14,1.04877e+06,2571,183.643
0,1,2,14957,73945.2,9,1.78175e+06,2571,285.667
0,1,2,14961,332559,27,894918,2571,95.2222
0,1,2,14962,391043,20,1.18414e+06,2571,128.55
0,1,2,14966,135747,5,5.08157e+06,2571,514.2
0,1,2,14968,123388,112,166310,2571,22.9554
0,1,2,14974,1.05224e+06,13,1.40259e+06,2571,197.769
0,1,2,14981,3639,3,965988,2571,857
0,1,2,14982,2.48861e+06,3,2.48865e+06,2571,857
0,1,2,14983,213996,45,586954,2571,57.1333
0,1,2,14984,2378.28,47,814058,2571,54.7021
0,1,2,14990,2.84354e+06,3,4.43515e+06,2571,857
0,1,2,14994,318646,4,1.0192e+06,2571,642.75
0,1,2,14995,347526,21,1.57471e+06,2571,122.429
0,1,2,14996,538622,36,1.03759e+06,2571,71.4167
0,1,2,14997,2232,34,491335,2571,75.6176
0,1,2,14998,91.75,12,779930,2571,214.25
0,1,2,15000,864,3,5.2206e+06,2571,857
0,1,2,15001,44225.6,5,5.01432e+06,2571,514.2
0,1,2,15007,350127,17,831118,2571,151.235
0,1,2,15008,1.39035e+06,6,5.69707e+06,2571,428.5
0,1,2,15017,142827,100,360200,2571,25.71
0,1,2,15020,37447.4,354,69362.7,2571,7.26271
0,1,2,15023,41591.9,476,68591.6,2571,5.40126
0,1,2,15027,515096,12,1.2999e+06,2571,214.25
0,1,2,15028,136,4,4.02221e+06,2571,642.75
0,1,2,15048,7.3475e+06,2,7.34754e+06,2571,1285.5
0,1,2,15049,2.95376e+06,2,2.95446e+06,2571,1285.5
0,1,2,64819,338055,42,910378,2571,61.2143
0,1,2,64820,922692,22,1.67669e+06,2571,116.864
0,1,2,64822,22452.8,24,683792,2571,107.125
0,1,2,64823,1416.2,5,1542,2571,514.2
0,1,2,64829,553526,39,982486,2571,65.9231
0,1,2,64840,374174,4,1.89085e+06,2571,642.75
0,1,2,65302,2.78048e+06,2,2.78068e+06,2571,1285.5
0,1,2,66551,935203,11,2.34513e+06,2571,233.727
0,1,3,4098,1.11999e+06,17,1.36057e+06,2571,151.235
0,1,3,4128,1.6627e+06,8,2.51236e+06,2571,321.375
0,1,3,4131,4.33477e+06,3,4.33481e+06,2571,857
0,1,3,4134,381570,43,830131,2571,59.7907
0,1,3,4136,5.9421e+06,3,1.04282e+07,2571,857
0,1,3,4137,104295,15,1.32307e+06,2571,171.4
0,1,3,4139,477933,15,2.48796e+06,2571,171.4
0,1,3,4140,858406,25,1.30217e+06,2571,102.84
0,1,3,4143,96000.8,4,355981,2571,642.75
0,1,3,4146,633663,29,1.33123e+06,2571,88.6552
0,1,3,4147,918610,24,1.23231e+06,2571,107.125
0,1,3,4153,4.42798e+06,2,4.42801e+06,2571,1285.5
0,1,3,4157,190292,16,347824,2571,160.688
0,1,3,4159,3.53417e+06,4,4.09124e+06,2571,642.75
0,1,3,4160,1.20297e+06,11,2.30147e+06,2571,233.727
0,1,3,4179,161320,8,1.06412e+06,2571,321.375
0,1,3,4379,553910,18,1.27622e+06,2571,142.833
0,1,3,4380,130451,15,1.52949e+06,2571,171.4
0,1,3,4388,1.48313e+06,11,1.59092e+06,2571,233.727
0,1,3,4391,329816,13,1.17956e+06,2571,197.769
0,1,3,4393,403417,13,1.13304e+06,2571,197.769
0,1,3,4394,66851.3,23,1.10404e+06,2571,111.783
0,1,3,4401,168134,66,465765,2571,38.9545
0,1,3,4402,41554.4,105,376027,2571,24.4857
0,1,3,4406,817609,7,5.0676e+06,2571,367.286
0,1,3,4420,184354,20,1.58217e+06,2571,128.55
0,1,3,4423,28451,427,89391.4,2571,6.02108
0,1,3,4424,29366.8,596,48749.6,2571,4.31376
0,1,3,4425,298143,28,812285,2571,91.8214
0,1,3,4426,88782.5,104,346274,2571,24.7212
0,1,3,4427,172768,29,574930,2571,88.6552
0,1,3,4428,55972.3,49,587863,2571,52.4694
0,1,3,4429,101500,127,283884,2571,20.2441
0,1,3,4430,1.00239e+07,2,1.00239e+07,2571,1285.5
0,1,3,4431,16488,38,388667,2571,67.6579
0,1,3,4432,508258,26,866127,2571,98.8846
0,1,3,4439,251919,37,940182,2571,69.4865
0,1,3,4440,276648,19,1.76296e+06,2571,135.316
0,1,3,4441,101556,170,232292,2571,15.1235
0,1,3,4442,50846.1,19,983288,2571,135.316
0,1,3,4444,392001,30,1.04362e+06,2571,85.7
0,1,3,4449,710640,11,1.28978e+06,2571,233.727
0,1,3,4450,112108,7,804710,2571,367.286
0,1,3,4452,341606,22,1.00913e+06,2571,116.864
0,1,3,4457,54240.5,217,91566.5,2571,11.8479
0,1,3,4458,117611,36,838633,2571,71.4167
0,1,3,4459,426844,5,1.66693e+06,2571,514.2
0,1,3,4460,149081,19,495992,2571,135.316
0,1,3,4461,234532,5,2.13381e+06,2571,514.2
0,1,3,4462,395818,20,1.34642e+06,2571,128.55
0,1,3,4463,787955,7,1.26476e+06,2571,367.286
0,1,3,4465,39262.7,6,4.57607e+06,2571,428.5
0,1,3,4471,2502,3,2.13461e+06,2571,857
0,1,3,4473,36856.6,10,605974,2571,257.1
0,1,3,4476,516660,14,1.16221e+06,2571,183.643
0,1,3,4478,224822,9,2.98942e+06,2571,285.667
0,1,3,4483,312842,35,473573,2571,73.4571
0,1,3,4484,364591,19,831099,2571,135.316
0,1,3,4485,878231,10,1.0052e+06,2571,257.1
0,1,3,4486,1.477e+06,3,2.63437e+06,2571,857
0,1,3,4487,669351,5,3.16085e+06,2571,514.2
0,1,3,4491,139177,13,1.20341e+06,2571,197.769
0,1,3,4493,16548.4,496,25618.9,2571,5.18347
0,1,3,4494,14692.3,261,26656.8,2571,9.85057
0,1,3,4508,2.96489e+06,6,5.39065e+06,2571,428.5
0,1,3,4521,541639,8,1.75115e+06,2571,321.375
0,1,3,4522,726679,5,2.76561e+06,2571,514.2
0,1,3,4527,1.47437e+06,4,1.47447e+06,2571,642.75
0,1,3,4554,367,3,413.667,2571,857
0,1,3,4564,619438,6,2.75747e+06,2571,428.5
0,1,3,4575,1.18974e+06,10,1.83416e+06,2571,257.1
0,1,3,4576,241470,8,2.09828e+06,2571,321.375
0,1,3,4578,171.333,3,1.66711e+06,2571,857
0,1,3,4584,238.167,6,2.32275e+06,2571,428.5
0,1,3,4594,703956,15,1.11919e+06,2571,171.4
0,1,3,4600,470509,14,684756,2571,183.643
0,1,3,4601,426055,8,3.13323e+06,2571,321.375
0,1,3,4607,581659,12,1.43439e+06,2571,214.25
0,1,3,4608,2.20363e+06,7,2.73745e+06,2571,367.286
0,1,3,4613,1.48671e+06,12,1.80201e+06,2571,214.25
0,1,3,4620,1.31505e+06,8,1.36133e+06,2571,321.375
0,1,3,4622,1.87316e+06,3,2.18881e+06,2571,857
0,1,3,4624,1.33659e+06,6,6.21777e+06,2571,428.5
0,1,3,4639,1.77048e+06,6,5.58363e+06,2571,428.5
0,1,3,4640,52565.4,399,86055,2571,6.44361
0,1,3,4645,31045.8,280,127174,2571,9.18214
0,1,3,4646,669783,27,994591,2571,95.2222
0,1,3,4648,44742.5,335,107660,2571,7.67463
0,1,3,4657,3.15031e+06,3,3.15036e+06,2571,857
0,1,3,4658,214,9,174104,2571,285.667
0,1,3,4669,251068,17,620738,2571,151.235
0,1,3,4675,791018,17,1.69585e+06,2571,151.235
0,1,3,4679,391878,23,521189,2571,111.783
0,1,3,4680,1085.66,61,37455.6,2571,42.1475
0,1,3,4683,150,3,265,2571,857
0,1,3,4687,176829,11,1.4096e+06,2571,233.727
0,1,3,4688,2.73223e+06,5,2.75504e+06,2571,514.2
0,1,3,4691,555546,34,815261,2571,75.6176
0,1,3,4692,511188,20,812681,2571,128.55
0,1,3,4695,665242,24,937820,2571,107.125
0,1,3,4696,1.03693e+06,5,1.03704e+06,2571,514.2
0,1,3,4697,25719.2,4,1.9527e+06,2571,642.75
0,1,3,4698,870997,6,1.96716e+06,2571,428.5
0,1,3,4704,687265,7,2.04844e+06,2571,367.286
0,1,3,4705,1.24346e+07,3,1.24347e+07,2571,857
0,1,3,4721,635897,5,766391,2571,514.2
0,1,3,4727,1223,2,1258,2571,1285.5
0,1,3,4729,234.4,5,1476.8,2571,514.2
0,1,3,4734,828140,10,1.6312e+06,2571,257.1
0,1,3,4742,445402,7,1.59751e+06,2571,367.286
0,1,3,4743,691462,8,1.23136e+06,2571,321.375
0,1,3,4744,2.85181e+06,5,3.01954e+06,2571,514.2
0,1,3,4745,788194,15,1.0979e+06,2571,171.4
0,1,3,4746,1.70787e+06,2,1.70791e+06,2571,1285.5
0,1,3,4792,1.16091e+06,5,1.16327e+06,2571,514.2
0,1,3,4794,2.84963e+06,3,2.84968e+06,2571,857
0,1,3,4835,3.61875e+06,5,6.77797e+06,2571,514.2
0,1,3,4837,485733,13,2.29778e+06,2571,197.769
0,1,3,4846,1.63741e+06,2,1.63745e+06,2571,1285.5
0,1,3,4851,103620,7,1.28258e+06,2571,367.286
0,1,3,4852,805331,6,929375,2571,428.5
0,1,3,4854,2.42375e+06,3,2.42383e+06,2571,857
0,1,3,4855,465143,12,1.38393e+06,2571,214.25
0,1,3,4857,1.38648e+06,3,2.24955e+06,2571,857
0,1,3,4878,566.667,3,2.36368e+06,2571,857
0,1,3,4879,832798,6,3.8538e+06,2571,428.5
0,1,3,4880,108.667,3,2.89414e+06,2571,857
0,1,3,4889,11814.8,16,68104.4,2571,160.688
0,1,3,4890,567363,14,1.23029e+06,2571,183.643
0,1,3,4903,1.34267e+06,14,1.49651e+06,2571,183.643
0,1,3,5059,2.66186e+06,4,3.22181e+06,2571,642.75
0,1,3,5060,2.32052e+06,2,2.32055e+06,2571,1285.5
0,1,3,5076,452542,16,1.04801e+06,2571,160.688
0,1,3,5085,20807,6,1.34485e+06,2571,428.5
0,1,3,5086,1.2021e+06,14,1.79131e+06,2571,183.643
0,1,3,5087,99478.6,12,642850,2571,214.25
0,1,3,5088,100584,33,195217,2571,77.9091
0,1,3,5147,3.8313e+06,2,3.83134e+06,2571,1285.5
0,1,3,5179,421151,17,869966,2571,151.235
0,1,3,5211,2.3668e+06,4,2.48078e+06,2571,642.75
0,1,3,5219,2.39936e+06,2,2.39939e+06,2571,1285.5
0,1,3,5220,194752,24,299461,2571,107.125
0,1,3,6153,1.88121e+06,4,3.50494e+06,2571,642.75
0,1,3,6409,29034.7,7,1.62639e+06,2571,367.286
0,1,3,6915,8532.1,29,546254,2571,88.6552
0,1,3,6916,132148,35,518187,2571,73.4571
0,1,3,6917,409698,28,809898,2571,91.8214
0,1,3,6918,253776,28,793801,2571,91.8214
0,1,3,6931,268624,93,402452,2571,27.6452
0,1,3,6950,559219,12,943472,2571,214.25
0,1,3,6961,3.25973e+06,4,6.16766e+06,2571,642.75
0,1,3,6999,419578,17,1.33954e+06,2571,151.235
0,1,3,7001,793330,10,1.42168e+06,2571,257.1
0,1,3,7002,796.625,8,535769,2571,321.375
0,1,3,7027,270864,15,1.45027e+06,2571,171.4
0,1,3,7028,658262,7,1.43342e+06,2571,367.286
0,1,3,7029,1.27105e+06,8,1.82351e+06,2571,321.375
0,1,3,7030,478196,14,1.59401e+06,2571,183.643
0,1,3,7047,800997,12,1.83521e+06,2571,214.25
0,1,3,7048,11634.9,7,537614,2571,367.286
0,1,3,7049,553588,23,1.01933e+06,2571,111.783
0,1,3,7050,370126,20,1.87467e+06,2571,128.55
0,1,3,7095,235675,7,1.28863e+06,2571,367.286
0,1,3,7096,64735.1,15,902733,2571,171.4
0,1,3,7414,1.47927e+06,6,1.84162e+06,2571,428.5
0,1,3,7447,24389,829,43865.7,2571,3.10133
0,1,3,7448,98649.2,206,179329,2571,12.4806
0,1,3,7473,18346.1,1012,35618.9,2571,2.54051
0,1,3,7476,24847.4,835,40188,2571,3.07904
0,1,3,7501,3.27447e+06,2,3.27451e+06,2571,1285.5
0,1,3,7502,130676,125,290638,2571,20.568
0,1,3,7580,226502,77,341829,2571,33.3896
0,1,3,7581,845386,18,1.31935e+06,2571,142.833
0,1,3,7582,242648,15,1.49614e+06,2571,171.4
0,1,3,7605,2.18298e+06,3,4.08062e+06,2571,857
0,1,3,7606,117445,192,182851,2571,13.3906
0,1,3,7704,852177,13,1.3486e+06,2571,197.769
0,1,3,7719,3.911e+06,2,3.91103e+06,2571,1285.5
0,1,3,7739,2.71743e+06,2,2.71746e+06,2571,1285.5
0,1,3,7740,2.21415e+06,6,4.65344e+06,2571,428.5
0,1,3,7741,28387.3,15,521077,2571,171.4
0,1,3,8006,3.30039e+06,2,3.30043e+06,2571,1285.5
0,1,3,8510,2.41011e+06,2,2.41014e+06,2571,1285.5
0,1,3,8797,2.09519e+06,10,2.60011e+06,2571,257.1
0,1,3,9566,1.0902e+06,11,1.3943e+06,2571,233.727
0,1,3,9662,4.0767e+06,4,4.0768e+06,2571,642.75
0,1,3,9955,101681,17,671134,2571,151.235
0,1,3,9957,69457.5,38,688055,2571,67.6579
0,1,3,9958,34085.5,40,604257,2571,64.275
0,1,3,10281,49647.4,18,901697,2571,142.833
0,1,3,10282,2774.32,22,373680,2571,116.864
0,1,3,11207,1.30578e+06,8,1.4939e+06,2571,321.375
0,1,3,11559,995314,8,1.15555e+06,2571,321.375
0,1,3,11783,1.07001e+06,7,1.07177e+06,2571,367.286
0,1,3,13194,2.55735e+06,6,2.55741e+06,2571,428.5
0,1,3,13195,2.9702e+06,2,2.97024e+06,2571,1285.5
0,1,3,13258,2.39025e+06,2,2.3907e+06,2571,1285.5
0,1,3,13648,852662,6,1.02638e+06,2571,428.5
0,1,3,14946,225911,9,1.03873e+06,2571,285.667
0,1,3,14953,259060,9,898700,2571,285.667
0,1,3,14957,232716,14,712114,2571,183.643
0,1,3,14961,311123,26,675934,2571,98.8846
0,1,3,14962,80641.7,25,438408,2571,102.84
0,1,3,14967,291188,14,1.27515e+06,2571,183.643
0,1,3,14968,304854,69,431700,2571,37.2609
0,1,3,14977,1.9561e+06,5,1.95874e+06,2571,514.2
0,1,3,14978,1627.12,8,1.14288e+06,2571,321.375
0,1,3,14979,3.00529e+06,2,3.00542e+06,2571,1285.5
0,1,3,14980,1.37836e+06,7,1.49953e+06,2571,367.286
0,1,3,14983,61733.1,35,471119,2571,73.4571
0,1,3,14984,161098,47,785649,2571,54.7021
0,1,3,14988,3.23857e+06,2,3.23861e+06,2571,1285.5
0,1,3,14989,95441.2,145,118832,2571,17.731
0,1,3,14990,1748.71,7,752900,2571,367.286
0,1,3,14994,222824,57,333948,2571,45.1053
0,1,3,14995,519285,31,826326,2571,82.9355
0,1,3,14996,210136,21,1.0559e+06,2571,122.429
0,1,3,14997,233003,30,546380,2571,85.7
0,1,3,14998,657060,10,1.46456e+06,2571,257.1
0,1,3,15004,1111.33,9,1.97687e+06,2571,285.667
0,1,3,15007,98574.3,23,426769,2571,111.783
0,1,3,15009,89145.8,210,155588,2571,12.2429
0,1,3,15019,1.31738e+06,5,4.20535e+06,2571,514.2
0,1,3,15020,26797,556,42467.1,2571,4.6241
0,1,3,15023,228342,45,715033,2571,57.1333
0,1,3,15027,479380,17,1.35683e+06,2571,151.235
0,1,3,15028,713.273,11,1.41815e+06,2571,233.727
0,1,3,15038,3.70093e+06,2,3.70096e+06,2571,1285.5
0,1,3,15049,333539,7,1.01366e+06,2571,367.286
0,1,3,64820,230903,85,449848,2571,30.2471
0,1,3,64822,106.867,15,1.52061e+06,2571,171.4
0,1,3,64824,210805,17,2.28658e+06,2571,151.235
0,1,3,64826,3.25834e+06,8,4.78457e+06,2571,321.375
0,1,3,64829,801164,16,2.39249e+06,2571,160.688
0,1,3,64838,671214,29,1.27181e+06,2571,88.6552
0,1,3,65449,4.50024e+06,2,4.50028e+06,2571,1285.5
0,1,3,66425,220060,93,411837,2571,27.6452
